Workbook

Sheet Executive_Dashboard
A1: NEXTHIKES IT SOLUTIONS | BIKE SHARING DEMAND EXECUTIVE DASHBOARD
A2: Operational Business Intelligence, Fleet Rebalancing & AI Forecasting | Submitted by Ritesh Saroj
A4: TOTAL BIKE RENTALS | C4: REGISTERED COMMUTERS | E4: CASUAL LEISURE RIDERS | G4: AVERAGE HOURLY DEMAND | I4: PEAK RECORDED DEMAND | K4: PEAK COMMUTE SURGE | M4: THERMAL DEMAND LIFT
A5: =SUM(Master_Cleaned_Data!W5:W1004) -> 58304 | C5: =SUM(Master_Cleaned_Data!V5:V1004) -> 53383 | E5: =SUM(Master_Cleaned_Data!U5:U1004) -> 4921 | G5: =ROUND(AVERAGE(Master_Cleaned_Data!W5:W1004), 1) -> 58.3 | I5: =MAX(Master_Cleaned_Data!W5:W1004) -> 249 | K5: =ROUND(AVERAGEIF(Master_Cleaned_Data!L5:L1004, "Peak Commute", Master_Cleaned_Data!W5:W1004), 1) -> 135.5 | M5: =(AVERAGEIF(Master_Cleaned_Data!O5:O1004, ">0.28", Master_Cleaned_Data!W5:W1004) - AVERAGEIF(Master_Cleaned_Data!O5:O1004, "<=0.22", Master_Cleaned_Data!W5:W1004)) / AVERAGEIF(Master_Cleaned_Data!O5:O1004, "<=0.22", Master_Cleaned_Data!W5:W1004) -> 0.67656074
A6: Total Demand (1,000 Hours) | C6: 91.6% of Total Ridership | E6: 8.4% Pay-Per-Ride | G6: ±51.0 Rides/Hr Volatility | I6: Record: Thu 17:00 (Inst #440) | K6: Rush Hours (07-09 & 17-19) | M6: Hot (86) vs Cold (51) Lift
A27: Operational Demand Heatmap: Hour of Day vs Day of Week (Rides / Hr) | K27: Weather Severity Impact Analysis
A28: Hour | B28: Sunday | C28: Monday | D28: Tuesday | E28: Wednesday | F28: Thursday | G28: Friday | H28: Saturday | I28: 24-Hr Avg | K28: Weather Category | L28: Hours | M28: Average Demand | N28: Volume Impact
A29: 00:00 | B29: =AVERAGEIFS(Master_Cleaned_Data!$W$5:$W$1004, Master_Cleaned_Data!$G$5:$G$1004, 0, Master_Cleaned_Data!$I$5:$I$1004, 0) -> 30.571429 | C29: =AVERAGEIFS(Master_Cleaned_Data!$W$5:$W$1004, Master_Cleaned_Data!$G$5:$G$1004, 0, Master_Cleaned_Data!$I$5:$I$1004, 1) -> 9.5714286 | D29: =AVERAGEIFS(Master_Cleaned_Data!$W$5:$W$1004, Master_Cleaned_Data!$G$5:$G$1004, 0, Master_Cleaned_Data!$I$5:$I$1004, 2) -> 8.8 | E29: =AVERAGEIFS(Master_Cleaned_Data!$W$5:$W$1004, Master_Cleaned_Data!$G$5:$G$1004, 0, Master_Cleaned_Data!$I$5:$I$1004, 3) -> 8.6666667 | F29: =AVERAGEIFS(Master_Cleaned_Data!$W$5:$W$1004, Master_Cleaned_Data!$G$5:$G$1004, 0, Master_Cleaned_Data!$I$5:$I$1004, 4) -> 11.8 | G29: =AVERAGEIFS(Master_Cleaned_Data!$W$5:$W$1004, Master_Cleaned_Data!$G$5:$G$1004, 0, Master_Cleaned_Data!$I$5:$I$1004, 5) -> 14.666667 | H29: =AVERAGEIFS(Master_Cleaned_Data!$W$5:$W$1004, Master_Cleaned_Data!$G$5:$G$1004, 0, Master_Cleaned_Data!$I$5:$I$1004, 6) -> 25.571429 | I29: =AVERAGE(B29:H29) -> 15.663946 | K29: Clear / Few Clouds | L29: =COUNTIF(Master_Cleaned_Data!$M$5:$M$1004, 1) -> 606 | M29: =AVERAGEIF(Master_Cleaned_Data!$M$5:$M$1004, 1, Master_Cleaned_Data!$W$5:$W$1004) -> 61.671617 | N29: =(M29-M$29)/M$29 -> 0
A30: 01:00 | B30: =AVERAGEIFS(Master_Cleaned_Data!$W$5:$W$1004, Master_Cleaned_Data!$G$5:$G$1004, 1, Master_Cleaned_Data!$I$5:$I$1004, 0) -> 23.142857 | C30: =AVERAGEIFS(Master_Cleaned_Data!$W$5:$W$1004, Master_Cleaned_Data!$G$5:$G$1004, 1, Master_Cleaned_Data!$I$5:$I$1004, 1) -> 5.5714286 | D30: =AVERAGEIFS(Master_Cleaned_Data!$W$5:$W$1004, Master_Cleaned_Data!$G$5:$G$1004, 1, Master_Cleaned_Data!$I$5:$I$1004, 2) -> 3.4 | E30: =AVERAGEIFS(Master_Cleaned_Data!$W$5:$W$1004, Master_Cleaned_Data!$G$5:$G$1004, 1, Master_Cleaned_Data!$I$5:$I$1004, 3) -> 5.6666667 | F30: =AVERAGEIFS(Master_Cleaned_Data!$W$5:$W$1004, Master_Cleaned_Data!$G$5:$G$1004, 1, Master_Cleaned_Data!$I$5:$I$1004, 4) -> 4.6 | G30: =AVERAGEIFS(Master_Cleaned_Data!$W$5:$W$1004, Master_Cleaned_Data!$G$5:$G$1004, 1, Master_Cleaned_Data!$I$5:$I$1004, 5) -> 5.8333333 | H30: =AVERAGEIFS(Master_Cleaned_Data!$W$5:$W$1004, Master_Cleaned_Data!$G$5:$G$1004, 1, Master_Cleaned_Data!$I$5:$I$1004, 6) -> 21.428571 | I30: =AVERAGE(B30:H30) -> 9.9489796 | K30: Mist / Cloudy | L30: =COUNTIF(Master_Cleaned_Data!$M$5:$M$1004, 2) -> 309 | M30: =AVERAGEIF(Master_Cleaned_Data!$M$5:$M$1004, 2, Master_Cleaned_Data!$W$5:$W$1004) -> 58.595469 | N30: =(M30-M$29)/M$29 -> -0.049879475
A31: 02:00 | B31: =AVERAGEIFS(Master_Cleaned_Data!$W$5:$W$1004, Master_Cleaned_Data!$G$5:$G$1004, 2, Master_Cleaned_Data!$I$5:$I$1004, 0) -> 15 | C31: =AVERAGEIFS(Master_Cleaned_Data!$W$5:$W$1004, Master_Cleaned_Data!$G$5:$G$1004, 2, Master_Cleaned_Data!$I$5:$I$1004, 1) -> 3.4 | D31: =AVERAGEIFS(Master_Cleaned_Data!$W$5:$W$1004, Master_Cleaned_Data!$G$5:$G$1004, 2, Master_Cleaned_Data!$I$5:$I$1004, 2) -> 2 | E31: =AVERAGEIFS(Master_Cleaned_Data!$W$5:$W$1004, Master_Cleaned_Data!$G$5:$G$1004, 2, Master_Cleaned_Data!$I$5:$I$1004, 3) -> 3.8333333 | F31: =AVERAGEIFS(Master_Cleaned_Data!$W$5:$W$1004, Master_Cleaned_Data!$G$5:$G$1004, 2, Master_Cleaned_Data!$I$5:$I$1004, 4) -> 2.2 | G31: =AVERAGEIFS(Master_Cleaned_Data!$W$5:$W$1004, Master_Cleaned_Data!$G$5:$G$1004, 2, Master_Cleaned_Data!$I$5:$I$1004, 5) -> 1.6666667 | H31: =AVERAGEIFS(Master_Cleaned_Data!$W$5:$W$1004, Master_Cleaned_Data!$G$5:$G$1004, 2, Master_Cleaned_Data!$I$5:$I$1004, 6) -> 16.857143 | I31: =AVERAGE(B31:H31) -> 6.422449 | K31: Light Snow / Rain | L31: =COUNTIF(Master_Cleaned_Data!$M$5:$M$1004, 3) -> 84 | M31: =AVERAGEIF(Master_Cleaned_Data!$M$5:$M$1004, 3, Master_Cleaned_Data!$W$5:$W$1004) -> 33.202381 | N31: =(M31-M$29)/M$29 -> -0.46162623
A32: 03:00 | B32: =AVERAGEIFS(Master_Cleaned_Data!$W$5:$W$1004, Master_Cleaned_Data!$G$5:$G$1004, 3, Master_Cleaned_Data!$I$5:$I$1004, 0) -> 9 | C32: =AVERAGEIFS(Master_Cleaned_Data!$W$5:$W$1004, Master_Cleaned_Data!$G$5:$G$1004, 3, Master_Cleaned_Data!$I$5:$I$1004, 1) -> 1.5 | D32: =AVERAGEIFS(Master_Cleaned_Data!$W$5:$W$1004, Master_Cleaned_Data!$G$5:$G$1004, 3, Master_Cleaned_Data!$I$5:$I$1004, 2) -> 1.5 | E32: =AVERAGEIFS(Master_Cleaned_Data!$W$5:$W$1004, Master_Cleaned_Data!$G$5:$G$1004, 3, Master_Cleaned_Data!$I$5:$I$1004, 3) -> 1.5 | F32: =AVERAGEIFS(Master_Cleaned_Data!$W$5:$W$1004, Master_Cleaned_Data!$G$5:$G$1004, 3, Master_Cleaned_Data!$I$5:$I$1004, 4) -> 1.6666667 | G32: =AVERAGEIFS(Master_Cleaned_Data!$W$5:$W$1004, Master_Cleaned_Data!$G$5:$G$1004, 3, Master_Cleaned_Data!$I$5:$I$1004, 5) -> 1 | H32: =AVERAGEIFS(Master_Cleaned_Data!$W$5:$W$1004, Master_Cleaned_Data!$G$5:$G$1004, 3, Master_Cleaned_Data!$I$5:$I$1004, 6) -> 9.1428571 | I32: =AVERAGE(B32:H32) -> 3.6156463 | K32: Heavy Rain / Ice | L32: =COUNTIF(Master_Cleaned_Data!$M$5:$M$1004, 4) -> 1 | M32: =AVERAGEIF(Master_Cleaned_Data!$M$5:$M$1004, 4, Master_Cleaned_Data!$W$5:$W$1004) -> 36 | N32: =(M32-M$29)/M$29 -> -0.41626308
A33: 04:00 | B33: =AVERAGEIFS(Master_Cleaned_Data!$W$5:$W$1004, Master_Cleaned_Data!$G$5:$G$1004, 4, Master_Cleaned_Data!$I$5:$I$1004, 0) -> 1.6666667 | C33: =AVERAGEIFS(Master_Cleaned_Data!$W$5:$W$1004, Master_Cleaned_Data!$G$5:$G$1004, 4, Master_Cleaned_Data!$I$5:$I$1004, 1) -> 2 | D33: =AVERAGEIFS(Master_Cleaned_Data!$W$5:$W$1004, Master_Cleaned_Data!$G$5:$G$1004, 4, Master_Cleaned_Data!$I$5:$I$1004, 2) -> 2 | E33: =AVERAGEIFS(Master_Cleaned_Data!$W$5:$W$1004, Master_Cleaned_Data!$G$5:$G$1004, 4, Master_Cleaned_Data!$I$5:$I$1004, 3) -> 1.6666667 | F33: =AVERAGEIFS(Master_Cleaned_Data!$W$5:$W$1004, Master_Cleaned_Data!$G$5:$G$1004, 4, Master_Cleaned_Data!$I$5:$I$1004, 4) -> 1.75 | G33: =AVERAGEIFS(Master_Cleaned_Data!$W$5:$W$1004, Master_Cleaned_Data!$G$5:$G$1004, 4, Master_Cleaned_Data!$I$5:$I$1004, 5) -> 1 | H33: =AVERAGEIFS(Master_Cleaned_Data!$W$5:$W$1004, Master_Cleaned_Data!$G$5:$G$1004, 4, Master_Cleaned_Data!$I$5:$I$1004, 6) -> 3.5714286 | I33: =AVERAGE(B33:H33) -> 1.9506803 | K33: Total Network | L33: =SUM(L29:L32) -> 1000 | M33: =AVERAGE(Master_Cleaned_Data!W5:W1004) -> 58.304 | N33: -
A34: 05:00 | B34: =AVERAGEIFS(Master_Cleaned_Data!$W$5:$W$1004, Master_Cleaned_Data!$G$5:$G$1004, 5, Master_Cleaned_Data!$I$5:$I$1004, 0) -> 2 | C34: =AVERAGEIFS(Master_Cleaned_Data!$W$5:$W$1004, Master_Cleaned_Data!$G$5:$G$1004, 5, Master_Cleaned_Data!$I$5:$I$1004, 1) -> 4.7142857 | D34: =AVERAGEIFS(Master_Cleaned_Data!$W$5:$W$1004, Master_Cleaned_Data!$G$5:$G$1004, 5, Master_Cleaned_Data!$I$5:$I$1004, 2) -> 4.8 | E34: =AVERAGEIFS(Master_Cleaned_Data!$W$5:$W$1004, Master_Cleaned_Data!$G$5:$G$1004, 5, Master_Cleaned_Data!$I$5:$I$1004, 3) -> 4.3333333 | F34: =AVERAGEIFS(Master_Cleaned_Data!$W$5:$W$1004, Master_Cleaned_Data!$G$5:$G$1004, 5, Master_Cleaned_Data!$I$5:$I$1004, 4) -> 4.2 | G34: =AVERAGEIFS(Master_Cleaned_Data!$W$5:$W$1004, Master_Cleaned_Data!$G$5:$G$1004, 5, Master_Cleaned_Data!$I$5:$I$1004, 5) -> 5.5 | H34: =AVERAGEIFS(Master_Cleaned_Data!$W$5:$W$1004, Master_Cleaned_Data!$G$5:$G$1004, 5, Master_Cleaned_Data!$I$5:$I$1004, 6) -> 3.4 | I34: =AVERAGE(B34:H34) -> 4.1353741
A35: 06:00 | B35: =AVERAGEIFS(Master_Cleaned_Data!$W$5:$W$1004, Master_Cleaned_Data!$G$5:$G$1004, 6, Master_Cleaned_Data!$I$5:$I$1004, 0) -> 1.8333333 | C35: =AVERAGEIFS(Master_Cleaned_Data!$W$5:$W$1004, Master_Cleaned_Data!$G$5:$G$1004, 6, Master_Cleaned_Data!$I$5:$I$1004, 1) -> 24.857143 | D35: =AVERAGEIFS(Master_Cleaned_Data!$W$5:$W$1004, Master_Cleaned_Data!$G$5:$G$1004, 6, Master_Cleaned_Data!$I$5:$I$1004, 2) -> 32 | E35: =AVERAGEIFS(Master_Cleaned_Data!$W$5:$W$1004, Master_Cleaned_Data!$G$5:$G$1004, 6, Master_Cleaned_Data!$I$5:$I$1004, 3) -> 25 | F35: =AVERAGEIFS(Master_Cleaned_Data!$W$5:$W$1004, Master_Cleaned_Data!$G$5:$G$1004, 6, Master_Cleaned_Data!$I$5:$I$1004, 4) -> 32.8 | G35: =AVERAGEIFS(Master_Cleaned_Data!$W$5:$W$1004, Master_Cleaned_Data!$G$5:$G$1004, 6, Master_Cleaned_Data!$I$5:$I$1004, 5) -> 24.333333 | H35: =AVERAGEIFS(Master_Cleaned_Data!$W$5:$W$1004, Master_Cleaned_Data!$G$5:$G$1004, 6, Master_Cleaned_Data!$I$5:$I$1004, 6) -> 2.4285714 | I35: =AVERAGE(B35:H35) -> 20.464626
A36: 07:00 | B36: =AVERAGEIFS(Master_Cleaned_Data!$W$5:$W$1004, Master_Cleaned_Data!$G$5:$G$1004, 7, Master_Cleaned_Data!$I$5:$I$1004, 0) -> 3.7142857 | C36: =AVERAGEIFS(Master_Cleaned_Data!$W$5:$W$1004, Master_Cleaned_Data!$G$5:$G$1004, 7, Master_Cleaned_Data!$I$5:$I$1004, 1) -> 71.857143 | D36: =AVERAGEIFS(Master_Cleaned_Data!$W$5:$W$1004, Master_Cleaned_Data!$G$5:$G$1004, 7, Master_Cleaned_Data!$I$5:$I$1004, 2) -> 90.6 | E36: =AVERAGEIFS(Master_Cleaned_Data!$W$5:$W$1004, Master_Cleaned_Data!$G$5:$G$1004, 7, Master_Cleaned_Data!$I$5:$I$1004, 3) -> 68.333333 | F36: =AVERAGEIFS(Master_Cleaned_Data!$W$5:$W$1004, Master_Cleaned_Data!$G$5:$G$1004, 7, Master_Cleaned_Data!$I$5:$I$1004, 4) -> 90.8 | G36: =AVERAGEIFS(Master_Cleaned_Data!$W$5:$W$1004, Master_Cleaned_Data!$G$5:$G$1004, 7, Master_Cleaned_Data!$I$5:$I$1004, 5) -> 73.833333 | H36: =AVERAGEIFS(Master_Cleaned_Data!$W$5:$W$1004, Master_Cleaned_Data!$G$5:$G$1004, 7, Master_Cleaned_Data!$I$5:$I$1004, 6) -> 7.1428571 | I36: =AVERAGE(B36:H36) -> 58.040136
A37: 08:00 | B37: =AVERAGEIFS(Master_Cleaned_Data!$W$5:$W$1004, Master_Cleaned_Data!$G$5:$G$1004, 8, Master_Cleaned_Data!$I$5:$I$1004, 0) -> 14.571429 | C37: =AVERAGEIFS(Master_Cleaned_Data!$W$5:$W$1004, Master_Cleaned_Data!$G$5:$G$1004, 8, Master_Cleaned_Data!$I$5:$I$1004, 1) -> 161.16667 | D37: =AVERAGEIFS(Master_Cleaned_Data!$W$5:$W$1004, Master_Cleaned_Data!$G$5:$G$1004, 8, Master_Cleaned_Data!$I$5:$I$1004, 2) -> 202.4 | E37: =AVERAGEIFS(Master_Cleaned_Data!$W$5:$W$1004, Master_Cleaned_Data!$G$5:$G$1004, 8, Master_Cleaned_Data!$I$5:$I$1004, 3) -> 157.66667 | F37: =AVERAGEIFS(Master_Cleaned_Data!$W$5:$W$1004, Master_Cleaned_Data!$G$5:$G$1004, 8, Master_Cleaned_Data!$I$5:$I$1004, 4) -> 207.2 | G37: =AVERAGEIFS(Master_Cleaned_Data!$W$5:$W$1004, Master_Cleaned_Data!$G$5:$G$1004, 8, Master_Cleaned_Data!$I$5:$I$1004, 5) -> 196.33333 | H37: =AVERAGEIFS(Master_Cleaned_Data!$W$5:$W$1004, Master_Cleaned_Data!$G$5:$G$1004, 8, Master_Cleaned_Data!$I$5:$I$1004, 6) -> 21 | I37: =AVERAGE(B37:H37) -> 137.19116
A38: 09:00 | B38: =AVERAGEIFS(Master_Cleaned_Data!$W$5:$W$1004, Master_Cleaned_Data!$G$5:$G$1004, 9, Master_Cleaned_Data!$I$5:$I$1004, 0) -> 32.714286 | C38: =AVERAGEIFS(Master_Cleaned_Data!$W$5:$W$1004, Master_Cleaned_Data!$G$5:$G$1004, 9, Master_Cleaned_Data!$I$5:$I$1004, 1) -> 93.5 | D38: =AVERAGEIFS(Master_Cleaned_Data!$W$5:$W$1004, Master_Cleaned_Data!$G$5:$G$1004, 9, Master_Cleaned_Data!$I$5:$I$1004, 2) -> 125 | E38: =AVERAGEIFS(Master_Cleaned_Data!$W$5:$W$1004, Master_Cleaned_Data!$G$5:$G$1004, 9, Master_Cleaned_Data!$I$5:$I$1004, 3) -> 101.5 | F38: =AVERAGEIFS(Master_Cleaned_Data!$W$5:$W$1004, Master_Cleaned_Data!$G$5:$G$1004, 9, Master_Cleaned_Data!$I$5:$I$1004, 4) -> 131.8 | G38: =AVERAGEIFS(Master_Cleaned_Data!$W$5:$W$1004, Master_Cleaned_Data!$G$5:$G$1004, 9, Master_Cleaned_Data!$I$5:$I$1004, 5) -> 130.83333 | H38: =AVERAGEIFS(Master_Cleaned_Data!$W$5:$W$1004, Master_Cleaned_Data!$G$5:$G$1004, 9, Master_Cleaned_Data!$I$5:$I$1004, 6) -> 29.142857 | I38: =AVERAGE(B38:H38) -> 92.070068
A39: 10:00 | B39: =AVERAGEIFS(Master_Cleaned_Data!$W$5:$W$1004, Master_Cleaned_Data!$G$5:$G$1004, 10, Master_Cleaned_Data!$I$5:$I$1004, 0) -> 71 | C39: =AVERAGEIFS(Master_Cleaned_Data!$W$5:$W$1004, Master_Cleaned_Data!$G$5:$G$1004, 10, Master_Cleaned_Data!$I$5:$I$1004, 1) -> 49.333333 | D39: =AVERAGEIFS(Master_Cleaned_Data!$W$5:$W$1004, Master_Cleaned_Data!$G$5:$G$1004, 10, Master_Cleaned_Data!$I$5:$I$1004, 2) -> 49.2 | E39: =AVERAGEIFS(Master_Cleaned_Data!$W$5:$W$1004, Master_Cleaned_Data!$G$5:$G$1004, 10, Master_Cleaned_Data!$I$5:$I$1004, 3) -> 48.5 | F39: =AVERAGEIFS(Master_Cleaned_Data!$W$5:$W$1004, Master_Cleaned_Data!$G$5:$G$1004, 10, Master_Cleaned_Data!$I$5:$I$1004, 4) -> 45.4 | G39: =AVERAGEIFS(Master_Cleaned_Data!$W$5:$W$1004, Master_Cleaned_Data!$G$5:$G$1004, 10, Master_Cleaned_Data!$I$5:$I$1004, 5) -> 52.333333 | H39: =AVERAGEIFS(Master_Cleaned_Data!$W$5:$W$1004, Master_Cleaned_Data!$G$5:$G$1004, 10, Master_Cleaned_Data!$I$5:$I$1004, 6) -> 54.571429 | I39: =AVERAGE(B39:H39) -> 52.905442
A40: 11:00 | B40: =AVERAGEIFS(Master_Cleaned_Data!$W$5:$W$1004, Master_Cleaned_Data!$G$5:$G$1004, 11, Master_Cleaned_Data!$I$5:$I$1004, 0) -> 85.571429 | C40: =AVERAGEIFS(Master_Cleaned_Data!$W$5:$W$1004, Master_Cleaned_Data!$G$5:$G$1004, 11, Master_Cleaned_Data!$I$5:$I$1004, 1) -> 47.666667 | D40: =AVERAGEIFS(Master_Cleaned_Data!$W$5:$W$1004, Master_Cleaned_Data!$G$5:$G$1004, 11, Master_Cleaned_Data!$I$5:$I$1004, 2) -> 50.8 | E40: =AVERAGEIFS(Master_Cleaned_Data!$W$5:$W$1004, Master_Cleaned_Data!$G$5:$G$1004, 11, Master_Cleaned_Data!$I$5:$I$1004, 3) -> 44.5 | F40: =AVERAGEIFS(Master_Cleaned_Data!$W$5:$W$1004, Master_Cleaned_Data!$G$5:$G$1004, 11, Master_Cleaned_Data!$I$5:$I$1004, 4) -> 54.6 | G40: =AVERAGEIFS(Master_Cleaned_Data!$W$5:$W$1004, Master_Cleaned_Data!$G$5:$G$1004, 11, Master_Cleaned_Data!$I$5:$I$1004, 5) -> 56.166667 | H40: =AVERAGEIFS(Master_Cleaned_Data!$W$5:$W$1004, Master_Cleaned_Data!$G$5:$G$1004, 11, Master_Cleaned_Data!$I$5:$I$1004, 6) -> 68.285714 | I40: =AVERAGE(B40:H40) -> 58.227211
A41: 12:00 | B41: =AVERAGEIFS(Master_Cleaned_Data!$W$5:$W$1004, Master_Cleaned_Data!$G$5:$G$1004, 12, Master_Cleaned_Data!$I$5:$I$1004, 0) -> 117 | C41: =AVERAGEIFS(Master_Cleaned_Data!$W$5:$W$1004, Master_Cleaned_Data!$G$5:$G$1004, 12, Master_Cleaned_Data!$I$5:$I$1004, 1) -> 65 | D41: =AVERAGEIFS(Master_Cleaned_Data!$W$5:$W$1004, Master_Cleaned_Data!$G$5:$G$1004, 12, Master_Cleaned_Data!$I$5:$I$1004, 2) -> 60.666667 | E41: =AVERAGEIFS(Master_Cleaned_Data!$W$5:$W$1004, Master_Cleaned_Data!$G$5:$G$1004, 12, Master_Cleaned_Data!$I$5:$I$1004, 3) -> 62.833333 | F41: =AVERAGEIFS(Master_Cleaned_Data!$W$5:$W$1004, Master_Cleaned_Data!$G$5:$G$1004, 12, Master_Cleaned_Data!$I$5:$I$1004, 4) -> 71.6 | G41: =AVERAGEIFS(Master_Cleaned_Data!$W$5:$W$1004, Master_Cleaned_Data!$G$5:$G$1004, 12, Master_Cleaned_Data!$I$5:$I$1004, 5) -> 64 | H41: =AVERAGEIFS(Master_Cleaned_Data!$W$5:$W$1004, Master_Cleaned_Data!$G$5:$G$1004, 12, Master_Cleaned_Data!$I$5:$I$1004, 6) -> 84.428571 | I41: =AVERAGE(B41:H41) -> 75.07551
A42: 13:00 | B42: =AVERAGEIFS(Master_Cleaned_Data!$W$5:$W$1004, Master_Cleaned_Data!$G$5:$G$1004, 13, Master_Cleaned_Data!$I$5:$I$1004, 0) -> 110.71429 | C42: =AVERAGEIFS(Master_Cleaned_Data!$W$5:$W$1004, Master_Cleaned_Data!$G$5:$G$1004, 13, Master_Cleaned_Data!$I$5:$I$1004, 1) -> 64.333333 | D42: =AVERAGEIFS(Master_Cleaned_Data!$W$5:$W$1004, Master_Cleaned_Data!$G$5:$G$1004, 13, Master_Cleaned_Data!$I$5:$I$1004, 2) -> 61 | E42: =AVERAGEIFS(Master_Cleaned_Data!$W$5:$W$1004, Master_Cleaned_Data!$G$5:$G$1004, 13, Master_Cleaned_Data!$I$5:$I$1004, 3) -> 64.833333 | F42: =AVERAGEIFS(Master_Cleaned_Data!$W$5:$W$1004, Master_Cleaned_Data!$G$5:$G$1004, 13, Master_Cleaned_Data!$I$5:$I$1004, 4) -> 72.2 | G42: =AVERAGEIFS(Master_Cleaned_Data!$W$5:$W$1004, Master_Cleaned_Data!$G$5:$G$1004, 13, Master_Cleaned_Data!$I$5:$I$1004, 5) -> 74.333333 | H42: =AVERAGEIFS(Master_Cleaned_Data!$W$5:$W$1004, Master_Cleaned_Data!$G$5:$G$1004, 13, Master_Cleaned_Data!$I$5:$I$1004, 6) -> 93.285714 | I42: =AVERAGE(B42:H42) -> 77.242857
A43: 14:00 | B43: =AVERAGEIFS(Master_Cleaned_Data!$W$5:$W$1004, Master_Cleaned_Data!$G$5:$G$1004, 14, Master_Cleaned_Data!$I$5:$I$1004, 0) -> 110.85714 | C43: =AVERAGEIFS(Master_Cleaned_Data!$W$5:$W$1004, Master_Cleaned_Data!$G$5:$G$1004, 14, Master_Cleaned_Data!$I$5:$I$1004, 1) -> 66.833333 | D43: =AVERAGEIFS(Master_Cleaned_Data!$W$5:$W$1004, Master_Cleaned_Data!$G$5:$G$1004, 14, Master_Cleaned_Data!$I$5:$I$1004, 2) -> 56.666667 | E43: =AVERAGEIFS(Master_Cleaned_Data!$W$5:$W$1004, Master_Cleaned_Data!$G$5:$G$1004, 14, Master_Cleaned_Data!$I$5:$I$1004, 3) -> 56.333333 | F43: =AVERAGEIFS(Master_Cleaned_Data!$W$5:$W$1004, Master_Cleaned_Data!$G$5:$G$1004, 14, Master_Cleaned_Data!$I$5:$I$1004, 4) -> 57.6 | G43: =AVERAGEIFS(Master_Cleaned_Data!$W$5:$W$1004, Master_Cleaned_Data!$G$5:$G$1004, 14, Master_Cleaned_Data!$I$5:$I$1004, 5) -> 64.833333 | H43: =AVERAGEIFS(Master_Cleaned_Data!$W$5:$W$1004, Master_Cleaned_Data!$G$5:$G$1004, 14, Master_Cleaned_Data!$I$5:$I$1004, 6) -> 95.428571 | I43: =AVERAGE(B43:H43) -> 72.65034
A44: 15:00 | B44: =AVERAGEIFS(Master_Cleaned_Data!$W$5:$W$1004, Master_Cleaned_Data!$G$5:$G$1004, 15, Master_Cleaned_Data!$I$5:$I$1004, 0) -> 114.14286 | C44: =AVERAGEIFS(Master_Cleaned_Data!$W$5:$W$1004, Master_Cleaned_Data!$G$5:$G$1004, 15, Master_Cleaned_Data!$I$5:$I$1004, 1) -> 60.166667 | D44: =AVERAGEIFS(Master_Cleaned_Data!$W$5:$W$1004, Master_Cleaned_Data!$G$5:$G$1004, 15, Master_Cleaned_Data!$I$5:$I$1004, 2) -> 55.666667 | E44: =AVERAGEIFS(Master_Cleaned_Data!$W$5:$W$1004, Master_Cleaned_Data!$G$5:$G$1004, 15, Master_Cleaned_Data!$I$5:$I$1004, 3) -> 62.666667 | F44: =AVERAGEIFS(Master_Cleaned_Data!$W$5:$W$1004, Master_Cleaned_Data!$G$5:$G$1004, 15, Master_Cleaned_Data!$I$5:$I$1004, 4) -> 60.4 | G44: =AVERAGEIFS(Master_Cleaned_Data!$W$5:$W$1004, Master_Cleaned_Data!$G$5:$G$1004, 15, Master_Cleaned_Data!$I$5:$I$1004, 5) -> 68.333333 | H44: =AVERAGEIFS(Master_Cleaned_Data!$W$5:$W$1004, Master_Cleaned_Data!$G$5:$G$1004, 15, Master_Cleaned_Data!$I$5:$I$1004, 6) -> 110 | I44: =AVERAGE(B44:H44) -> 75.910884
A45: 16:00 | B45: =AVERAGEIFS(Master_Cleaned_Data!$W$5:$W$1004, Master_Cleaned_Data!$G$5:$G$1004, 16, Master_Cleaned_Data!$I$5:$I$1004, 0) -> 106.57143 | C45: =AVERAGEIFS(Master_Cleaned_Data!$W$5:$W$1004, Master_Cleaned_Data!$G$5:$G$1004, 16, Master_Cleaned_Data!$I$5:$I$1004, 1) -> 83.666667 | D45: =AVERAGEIFS(Master_Cleaned_Data!$W$5:$W$1004, Master_Cleaned_Data!$G$5:$G$1004, 16, Master_Cleaned_Data!$I$5:$I$1004, 2) -> 80.5 | E45: =AVERAGEIFS(Master_Cleaned_Data!$W$5:$W$1004, Master_Cleaned_Data!$G$5:$G$1004, 16, Master_Cleaned_Data!$I$5:$I$1004, 3) -> 79.833333 | F45: =AVERAGEIFS(Master_Cleaned_Data!$W$5:$W$1004, Master_Cleaned_Data!$G$5:$G$1004, 16, Master_Cleaned_Data!$I$5:$I$1004, 4) -> 72.833333 | G45: =AVERAGEIFS(Master_Cleaned_Data!$W$5:$W$1004, Master_Cleaned_Data!$G$5:$G$1004, 16, Master_Cleaned_Data!$I$5:$I$1004, 5) -> 96.333333 | H45: =AVERAGEIFS(Master_Cleaned_Data!$W$5:$W$1004, Master_Cleaned_Data!$G$5:$G$1004, 16, Master_Cleaned_Data!$I$5:$I$1004, 6) -> 100.42857 | I45: =AVERAGE(B45:H45) -> 88.595238
A46: 17:00 | B46: =AVERAGEIFS(Master_Cleaned_Data!$W$5:$W$1004, Master_Cleaned_Data!$G$5:$G$1004, 17, Master_Cleaned_Data!$I$5:$I$1004, 0) -> 87.142857 | C46: =AVERAGEIFS(Master_Cleaned_Data!$W$5:$W$1004, Master_Cleaned_Data!$G$5:$G$1004, 17, Master_Cleaned_Data!$I$5:$I$1004, 1) -> 161.16667 | D46: =AVERAGEIFS(Master_Cleaned_Data!$W$5:$W$1004, Master_Cleaned_Data!$G$5:$G$1004, 17, Master_Cleaned_Data!$I$5:$I$1004, 2) -> 174.5 | E46: =AVERAGEIFS(Master_Cleaned_Data!$W$5:$W$1004, Master_Cleaned_Data!$G$5:$G$1004, 17, Master_Cleaned_Data!$I$5:$I$1004, 3) -> 151.33333 | F46: =AVERAGEIFS(Master_Cleaned_Data!$W$5:$W$1004, Master_Cleaned_Data!$G$5:$G$1004, 17, Master_Cleaned_Data!$I$5:$I$1004, 4) -> 162.16667 | G46: =AVERAGEIFS(Master_Cleaned_Data!$W$5:$W$1004, Master_Cleaned_Data!$G$5:$G$1004, 17, Master_Cleaned_Data!$I$5:$I$1004, 5) -> 178.66667 | H46: =AVERAGEIFS(Master_Cleaned_Data!$W$5:$W$1004, Master_Cleaned_Data!$G$5:$G$1004, 17, Master_Cleaned_Data!$I$5:$I$1004, 6) -> 84.571429 | I46: =AVERAGE(B46:H46) -> 142.79252
A47: 18:00 | B47: =AVERAGEIFS(Master_Cleaned_Data!$W$5:$W$1004, Master_Cleaned_Data!$G$5:$G$1004, 18, Master_Cleaned_Data!$I$5:$I$1004, 0) -> 65 | C47: =AVERAGEIFS(Master_Cleaned_Data!$W$5:$W$1004, Master_Cleaned_Data!$G$5:$G$1004, 18, Master_Cleaned_Data!$I$5:$I$1004, 1) -> 148 | D47: =AVERAGEIFS(Master_Cleaned_Data!$W$5:$W$1004, Master_Cleaned_Data!$G$5:$G$1004, 18, Master_Cleaned_Data!$I$5:$I$1004, 2) -> 159.16667 | E47: =AVERAGEIFS(Master_Cleaned_Data!$W$5:$W$1004, Master_Cleaned_Data!$G$5:$G$1004, 18, Master_Cleaned_Data!$I$5:$I$1004, 3) -> 163.8 | F47: =AVERAGEIFS(Master_Cleaned_Data!$W$5:$W$1004, Master_Cleaned_Data!$G$5:$G$1004, 18, Master_Cleaned_Data!$I$5:$I$1004, 4) -> 150.5 | G47: =AVERAGEIFS(Master_Cleaned_Data!$W$5:$W$1004, Master_Cleaned_Data!$G$5:$G$1004, 18, Master_Cleaned_Data!$I$5:$I$1004, 5) -> 136.66667 | H47: =AVERAGEIFS(Master_Cleaned_Data!$W$5:$W$1004, Master_Cleaned_Data!$G$5:$G$1004, 18, Master_Cleaned_Data!$I$5:$I$1004, 6) -> 63.285714 | I47: =AVERAGE(B47:H47) -> 126.63129
A48: 19:00 | B48: =AVERAGEIFS(Master_Cleaned_Data!$W$5:$W$1004, Master_Cleaned_Data!$G$5:$G$1004, 19, Master_Cleaned_Data!$I$5:$I$1004, 0) -> 45.571429 | C48: =AVERAGEIFS(Master_Cleaned_Data!$W$5:$W$1004, Master_Cleaned_Data!$G$5:$G$1004, 19, Master_Cleaned_Data!$I$5:$I$1004, 1) -> 101.66667 | D48: =AVERAGEIFS(Master_Cleaned_Data!$W$5:$W$1004, Master_Cleaned_Data!$G$5:$G$1004, 19, Master_Cleaned_Data!$I$5:$I$1004, 2) -> 102.83333 | E48: =AVERAGEIFS(Master_Cleaned_Data!$W$5:$W$1004, Master_Cleaned_Data!$G$5:$G$1004, 19, Master_Cleaned_Data!$I$5:$I$1004, 3) -> 101.2 | F48: =AVERAGEIFS(Master_Cleaned_Data!$W$5:$W$1004, Master_Cleaned_Data!$G$5:$G$1004, 19, Master_Cleaned_Data!$I$5:$I$1004, 4) -> 108.33333 | G48: =AVERAGEIFS(Master_Cleaned_Data!$W$5:$W$1004, Master_Cleaned_Data!$G$5:$G$1004, 19, Master_Cleaned_Data!$I$5:$I$1004, 5) -> 96 | H48: =AVERAGEIFS(Master_Cleaned_Data!$W$5:$W$1004, Master_Cleaned_Data!$G$5:$G$1004, 19, Master_Cleaned_Data!$I$5:$I$1004, 6) -> 54.714286 | I48: =AVERAGE(B48:H48) -> 87.188435
A49: 20:00 | B49: =AVERAGEIFS(Master_Cleaned_Data!$W$5:$W$1004, Master_Cleaned_Data!$G$5:$G$1004, 20, Master_Cleaned_Data!$I$5:$I$1004, 0) -> 36.857143 | C49: =AVERAGEIFS(Master_Cleaned_Data!$W$5:$W$1004, Master_Cleaned_Data!$G$5:$G$1004, 20, Master_Cleaned_Data!$I$5:$I$1004, 1) -> 67.666667 | D49: =AVERAGEIFS(Master_Cleaned_Data!$W$5:$W$1004, Master_Cleaned_Data!$G$5:$G$1004, 20, Master_Cleaned_Data!$I$5:$I$1004, 2) -> 69.666667 | E49: =AVERAGEIFS(Master_Cleaned_Data!$W$5:$W$1004, Master_Cleaned_Data!$G$5:$G$1004, 20, Master_Cleaned_Data!$I$5:$I$1004, 3) -> 76 | F49: =AVERAGEIFS(Master_Cleaned_Data!$W$5:$W$1004, Master_Cleaned_Data!$G$5:$G$1004, 20, Master_Cleaned_Data!$I$5:$I$1004, 4) -> 87.333333 | G49: =AVERAGEIFS(Master_Cleaned_Data!$W$5:$W$1004, Master_Cleaned_Data!$G$5:$G$1004, 20, Master_Cleaned_Data!$I$5:$I$1004, 5) -> 61.333333 | H49: =AVERAGEIFS(Master_Cleaned_Data!$W$5:$W$1004, Master_Cleaned_Data!$G$5:$G$1004, 20, Master_Cleaned_Data!$I$5:$I$1004, 6) -> 43.142857 | I49: =AVERAGE(B49:H49) -> 63.142857
A50: 21:00 | B50: =AVERAGEIFS(Master_Cleaned_Data!$W$5:$W$1004, Master_Cleaned_Data!$G$5:$G$1004, 21, Master_Cleaned_Data!$I$5:$I$1004, 0) -> 30 | C50: =AVERAGEIFS(Master_Cleaned_Data!$W$5:$W$1004, Master_Cleaned_Data!$G$5:$G$1004, 21, Master_Cleaned_Data!$I$5:$I$1004, 1) -> 51.666667 | D50: =AVERAGEIFS(Master_Cleaned_Data!$W$5:$W$1004, Master_Cleaned_Data!$G$5:$G$1004, 21, Master_Cleaned_Data!$I$5:$I$1004, 2) -> 45.333333 | E50: =AVERAGEIFS(Master_Cleaned_Data!$W$5:$W$1004, Master_Cleaned_Data!$G$5:$G$1004, 21, Master_Cleaned_Data!$I$5:$I$1004, 3) -> 61 | F50: =AVERAGEIFS(Master_Cleaned_Data!$W$5:$W$1004, Master_Cleaned_Data!$G$5:$G$1004, 21, Master_Cleaned_Data!$I$5:$I$1004, 4) -> 51.5 | G50: =AVERAGEIFS(Master_Cleaned_Data!$W$5:$W$1004, Master_Cleaned_Data!$G$5:$G$1004, 21, Master_Cleaned_Data!$I$5:$I$1004, 5) -> 46.666667 | H50: =AVERAGEIFS(Master_Cleaned_Data!$W$5:$W$1004, Master_Cleaned_Data!$G$5:$G$1004, 21, Master_Cleaned_Data!$I$5:$I$1004, 6) -> 44.285714 | I50: =AVERAGE(B50:H50) -> 47.207483
A51: 22:00 | B51: =AVERAGEIFS(Master_Cleaned_Data!$W$5:$W$1004, Master_Cleaned_Data!$G$5:$G$1004, 22, Master_Cleaned_Data!$I$5:$I$1004, 0) -> 27.428571 | C51: =AVERAGEIFS(Master_Cleaned_Data!$W$5:$W$1004, Master_Cleaned_Data!$G$5:$G$1004, 22, Master_Cleaned_Data!$I$5:$I$1004, 1) -> 27.166667 | D51: =AVERAGEIFS(Master_Cleaned_Data!$W$5:$W$1004, Master_Cleaned_Data!$G$5:$G$1004, 22, Master_Cleaned_Data!$I$5:$I$1004, 2) -> 35.833333 | E51: =AVERAGEIFS(Master_Cleaned_Data!$W$5:$W$1004, Master_Cleaned_Data!$G$5:$G$1004, 22, Master_Cleaned_Data!$I$5:$I$1004, 3) -> 44 | F51: =AVERAGEIFS(Master_Cleaned_Data!$W$5:$W$1004, Master_Cleaned_Data!$G$5:$G$1004, 22, Master_Cleaned_Data!$I$5:$I$1004, 4) -> 42.833333 | G51: =AVERAGEIFS(Master_Cleaned_Data!$W$5:$W$1004, Master_Cleaned_Data!$G$5:$G$1004, 22, Master_Cleaned_Data!$I$5:$I$1004, 5) -> 36.833333 | H51: =AVERAGEIFS(Master_Cleaned_Data!$W$5:$W$1004, Master_Cleaned_Data!$G$5:$G$1004, 22, Master_Cleaned_Data!$I$5:$I$1004, 6) -> 34.285714 | I51: =AVERAGE(B51:H51) -> 35.482993
A52: 23:00 | B52: =AVERAGEIFS(Master_Cleaned_Data!$W$5:$W$1004, Master_Cleaned_Data!$G$5:$G$1004, 23, Master_Cleaned_Data!$I$5:$I$1004, 0) -> 19.142857 | C52: =AVERAGEIFS(Master_Cleaned_Data!$W$5:$W$1004, Master_Cleaned_Data!$G$5:$G$1004, 23, Master_Cleaned_Data!$I$5:$I$1004, 1) -> 16.666667 | D52: =AVERAGEIFS(Master_Cleaned_Data!$W$5:$W$1004, Master_Cleaned_Data!$G$5:$G$1004, 23, Master_Cleaned_Data!$I$5:$I$1004, 2) -> 19.666667 | E52: =AVERAGEIFS(Master_Cleaned_Data!$W$5:$W$1004, Master_Cleaned_Data!$G$5:$G$1004, 23, Master_Cleaned_Data!$I$5:$I$1004, 3) -> 27.2 | F52: =AVERAGEIFS(Master_Cleaned_Data!$W$5:$W$1004, Master_Cleaned_Data!$G$5:$G$1004, 23, Master_Cleaned_Data!$I$5:$I$1004, 4) -> 26.166667 | G52: =AVERAGEIFS(Master_Cleaned_Data!$W$5:$W$1004, Master_Cleaned_Data!$G$5:$G$1004, 23, Master_Cleaned_Data!$I$5:$I$1004, 5) -> 29.333333 | H52: =AVERAGEIFS(Master_Cleaned_Data!$W$5:$W$1004, Master_Cleaned_Data!$G$5:$G$1004, 23, Master_Cleaned_Data!$I$5:$I$1004, 6) -> 37.428571 | I52: =AVERAGE(B52:H52) -> 25.086395
A53: Day Average | B53: =AVERAGE(B29:B52) -> 48.383929 | C53: =AVERAGE(C29:C52) -> 57.880754 | D53: =AVERAGE(D29:D52) -> 62.25 | E53: =AVERAGE(E29:E52) -> 59.258333 | F53: =AVERAGE(F29:F52) -> 64.678472 | G53: =AVERAGE(G29:G52) -> 63.201389 | H53: =AVERAGE(H29:H52) -> 46.159524 | I53: =AVERAGE(I29:I52) -> 57.401772
A55: INTERACTIVE SLICERS & OPERATIONAL FILTER CONTROLS (EXCEL BI SUITE)
A56: • Slicer 1: [Day Type Filter] - Connected to Final_Data_Set / Master table. Allows 1-click toggling between Weekday, Weekend, and Holiday to analyze commuter vs recreational demand patterns.
A57: • Slicer 2: [Weather Situation Filter] - Filters between Clear, Mist, Rain/Snow, and Heavy Storms to evaluate fleet weather vulnerability and rain-penalty thresholds.
A58: • Slicer 3: [Month Filter] - Filters between January and February to analyze seasonal expansion, weekly compounding ridership growth (+38.6%), and operational scaling.
A59: • Operational Tip: In Excel, click on any Pivot Table or the Master Data table and choose Insert > Slicer to activate dynamic floating visual buttons.

Sheet Dataset_1_Raw
A1: instant | B1: dteday | C1: season | D1: yr | E1: mnth | F1: hr | G1: holiday | H1: weekday | I1: weathersit | J1: temp
A2: 1 | B2: 2011-01-01 | C2: 1 | D2: 0 | E2: 1 | F2: 0 | G2: =FALSE() -> FALSE | H2: 6 | I2: 1 | J2: 0.24
A3: 2 | B3: 2011-01-01 | C3: 1 | D3: 0 | E3: 1 | F3: 1 | G3: =FALSE() -> FALSE | H3: 6 | I3: 1 | J3: 0.22
A4: 3 | B4: 2011-01-01 | C4: 1 | D4: 0 | E4: 1 | F4: 2 | G4: =FALSE() -> FALSE | H4: 6 | I4: 1 | J4: 0.22
A5: 4 | B5: 2011-01-01 | C5: 1 | D5: 0 | E5: 1 | F5: 3 | G5: =FALSE() -> FALSE | H5: 6 | I5: 1 | J5: 0.24
A6: 5 | B6: 2011-01-01 | C6: 1 | D6: 0 | E6: 1 | F6: 4 | G6: =FALSE() -> FALSE | H6: 6 | I6: 1 | J6: 0.24
A7: 6 | B7: 2011-01-01 | C7: 1 | D7: 0 | E7: 1 | F7: 5 | G7: =FALSE() -> FALSE | H7: 6 | I7: 2 | J7: 0.24
A8: 7 | B8: 2011-01-01 | C8: 1 | D8: 0 | E8: 1 | F8: 6 | G8: =FALSE() -> FALSE | H8: 6 | I8: 1 | J8: 0.22
A9: 8 | B9: 2011-01-01 | C9: 1 | D9: 0 | E9: 1 | F9: 7 | G9: =FALSE() -> FALSE | H9: 6 | I9: 1 | J9: 0.2
A10: 9 | B10: 2011-01-01 | C10: 1 | D10: 0 | E10: 1 | F10: 8 | G10: =FALSE() -> FALSE | H10: 6 | I10: 1 | J10: 0.24
A11: 10 | B11: 2011-01-01 | C11: 1 | D11: 0 | E11: 1 | F11: 9 | G11: =FALSE() -> FALSE | H11: 6 | I11: 1 | J11: 0.32
A12: 11 | B12: 2011-01-01 | C12: 1 | D12: 0 | E12: 1 | F12: 10 | G12: =FALSE() -> FALSE | H12: 6 | I12: 1 | J12: 0.38
A13: 12 | B13: 2011-01-01 | C13: 1 | D13: 0 | E13: 1 | F13: 11 | G13: =FALSE() -> FALSE | H13: 6 | I13: 1 | J13: 0.36
... A373: 372 | B373: 2011-01-16 | C373: 1 | D373: 0 | E373: 1 | F373: 23 | G373: =FALSE() -> FALSE | H373: 0 | I373: 2 | J373: 0.2
A374: 373 | B374: 2011-01-17 | C374: 1 | D374: 0 | E374: 1 | F374: 0 | G374: =TRUE() -> TRUE | H374: 1 | I374: 2 | J374: 0.2
A375: 374 | B375: 2011-01-17 | C375: 1 | D375: 0 | E375: 1 | F375: 1 | G375: =TRUE() -> TRUE | H375: 1 | I375: 2 | J375: 0.2
A376: 375 | B376: 2011-01-17 | C376: 1 | D376: 0 | E376: 1 | F376: 2 | G376: =TRUE() -> TRUE | H376: 1 | I376: 2 | J376: 0.18
A377: 376 | B377: 2011-01-17 | C377: 1 | D377: 0 | E377: 1 | F377: 3 | G377: =TRUE() -> TRUE | H377: 1 | I377: 2 | J377: 0.18
A378: 377 | B378: 2011-01-17 | C378: 1 | D378: 0 | E378: 1 | F378: 4 | G378: =TRUE() -> TRUE | H378: 1 | I378: 2 | J378: 0.18
A379: 378 | B379: 2011-01-17 | C379: 1 | D379: 0 | E379: 1 | F379: 5 | G379: =TRUE() -> TRUE | H379: 1 | I379: 2 | J379: 0.18
A380: 379 | B380: 2011-01-17 | C380: 1 | D380: 0 | E380: 1 | F380: 6 | G380: =TRUE() -> TRUE | H380: 1 | I380: 2 | J380: 0.18
A381: 380 | B381: 2011-01-17 | C381: 1 | D381: 0 | E381: 1 | F381: 7 | G381: =TRUE() -> TRUE | H381: 1 | I381: 2 | J381: 0.16
A382: 381 | B382: 2011-01-17 | C382: 1 | D382: 0 | E382: 1 | F382: 8 | G382: =TRUE() -> TRUE | H382: 1 | I382: 2 | J382: 0.16
A383: 382 | B383: 2011-01-17 | C383: 1 | D383: 0 | E383: 1 | F383: 9 | G383: =TRUE() -> TRUE | H383: 1 | I383: 2 | J383: 0.16
A384: 383 | B384: 2011-01-17 | C384: 1 | D384: 0 | E384: 1 | F384: 10 | G384: =TRUE() -> TRUE | H384: 1 | I384: 2 | J384: 0.16
A385: 384 | B385: 2011-01-17 | C385: 1 | D385: 0 | E385: 1 | F385: 11 | G385: =TRUE() -> TRUE | H385: 1 | I385: 2 | J385: 0.16
... A397: 396 | B397: 2011-01-17 | C397: 1 | D397: 0 | E397: 1 | F397: 23 | G397: =TRUE() -> TRUE | H397: 1 | I397: 3 | J397: 0.16
A398: 397 | B398: 2011-01-18 | C398: 1 | D398: 0 | E398: 1 | F398: 12 | G398: =FALSE() -> FALSE | H398: 2 | I398: 2 | J398: 0.2
A399: 398 | B399: 2011-01-18 | C399: 1 | D399: 0 | E399: 1 | F399: 13 | G399: =FALSE() -> FALSE | H399: 2 | I399: 2 | J399: 0.2
A400: 399 | B400: 2011-01-18 | C400: 1 | D400: 0 | E400: 1 | F400: 14 | G400: =FALSE() -> FALSE | H400: 2 | I400: 2 | J400: 0.22
A401: 400 | B401: 2011-01-18 | C401: 1 | D401: 0 | E401: 1 | F401: 15 | G401: =FALSE() -> FALSE | H401: 2 | I401: 2 | J401: 0.22
A402: 401 | B402: 2011-01-18 | C402: 1 | D402: 0 | E402: 1 | F402: 16 | G402: =FALSE() -> FALSE | H402: 2 | I402: 2 | J402: 0.22
A403: 402 | B403: 2011-01-18 | C403: 1 | D403: 0 | E403: 1 | F403: 17 | G403: =FALSE() -> FALSE | H403: 2 | I403: 2 | J403: 0.22
A404: 403 | B404: 2011-01-18 | C404: 1 | D404: 0 | E404: 1 | F404: 18 | G404: =FALSE() -> FALSE | H404: 2 | I404: 2 | J404: 0.22
A405: 404 | B405: 2011-01-18 | C405: 1 | D405: 0 | E405: 1 | F405: 19 | G405: =FALSE() -> FALSE | H405: 2 | I405: 2 | J405: 0.22
A406: 405 | B406: 2011-01-18 | C406: 1 | D406: 0 | E406: 1 | F406: 20 | G406: =FALSE() -> FALSE | H406: 2 | I406: 2 | J406: 0.22
A407: 406 | B407: 2011-01-18 | C407: 1 | D407: 0 | E407: 1 | F407: 21 | G407: =FALSE() -> FALSE | H407: 2 | I407: 2 | J407: 0.22
A408: 407 | B408: 2011-01-18 | C408: 1 | D408: 0 | E408: 1 | F408: 22 | G408: =FALSE() -> FALSE | H408: 2 | I408: 2 | J408: 0.22
A409: 408 | B409: 2011-01-18 | C409: 1 | D409: 0 | E409: 1 | F409: 23 | G409: =FALSE() -> FALSE | H409: 2 | I409: 2 | J409: 0.22
... A611: 610 | B611: 2011-01-28 | C611: 1 | D611: 0 | E611: 1 | F611: 15 | G611: =FALSE() -> FALSE | H611: 5 | I611: 2 | J611: 0.2

Sheet Dataset_2_Raw
A1: Unnamed: 0 | B1: instant | C1: atemp | D1: hum | E1: windspeed | F1: casual | G1: registered | H1: cnt
A2: 0 | B2: 1 | C2: 0.2879 | D2: 0.81 | E2: 0 | F2: 3 | G2: 13 | H2: 16
A3: 1 | B3: 2 | C3: 0.2727 | D3: 0.8 | E3: 0 | F3: 8 | G3: 32 | H3: 40
A4: 2 | B4: 3 | C4: 0.2727 | D4: 0.8 | E4: 0 | F4: 5 | G4: 27 | H4: 32
A5: 3 | B5: 4 | C5: 0.2879 | D5: 0.75 | E5: 0 | F5: 3 | G5: 10 | H5: 13
A6: 4 | B6: 5 | C6: 0.2879 | D6: 0.75 | E6: 0 | F6: 0 | G6: 1 | H6: 1
A7: 5 | B7: 6 | C7: 0.2576 | D7: 0.75 | E7: 0.0896 | F7: 0 | G7: 1 | H7: 1
A8: 6 | B8: 7 | C8: 0.2727 | D8: 0.8 | E8: 0 | F8: 2 | G8: 0 | H8: 2
A9: 7 | B9: 8 | C9: 0.2576 | D9: 0.86 | E9: 0 | F9: 1 | G9: 2 | H9: 3
A10: 8 | B10: 9 | D10: 0.75 | E10: 0 | F10: 1 | G10: 7 | H10: 8
A11: 9 | B11: 10 | C11: 0.3485 | D11: 0.76 | E11: 0 | F11: 8 | G11: 6 | H11: 14
A12: 10 | B12: 11 | C12: 0.3939 | D12: 0.76 | E12: 0.2537 | F12: 12 | G12: 24 | H12: 36
A13: 11 | B13: 12 | C13: 0.3333 | D13: 0.81 | E13: 0.2836 | F13: 26 | G13: 30 | H13: 56
A14: 12 | B14: 13 | C14: 0.4242 | D14: 0.77 | E14: 0.2836 | F14: 29 | G14: 55 | H14: 84
A15: 13 | B15: 14 | C15: 0.4545 | D15: 0.72 | E15: 0.2985 | F15: 47 | G15: 47 | H15: 94
A16: 14 | B16: 15 | C16: 0.4545 | D16: 0.72 | E16: 0.2836 | F16: 35 | G16: 71 | H16: 106
A17: 15 | B17: 16 | C17: 0.4394 | D17: 0.77 | E17: 0.2985 | F17: 40 | G17: 70 | H17: 110
A18: 16 | B18: 17 | C18: 0.4242 | D18: 0.82 | E18: 0.2985 | F18: 41 | G18: 52 | H18: 93
A19: 17 | B19: 18 | D19: 0.82 | E19: 0.2836 | F19: 15 | G19: 52 | H19: 67
A20: 18 | B20: 19 | C20: 0.4242 | D20: 0.88 | E20: 0.2537 | F20: 9 | G20: 26 | H20: 35
A21: 19 | B21: 20 | C21: 0.4242 | D21: 0.88 | E21: 0.2537 | F21: 6 | G21: 31 | H21: 37
A22: 20 | B22: 21 | C22: 0.4091 | D22: 0.87 | E22: 0.2537 | F22: 11 | G22: 25 | H22: 36
A23: 21 | B23: 22 | C23: 0.4091 | D23: 0.87 | E23: 0.194 | F23: 3 | G23: 31 | H23: 34
A24: 22 | B24: 23 | C24: 0.4091 | D24: 0.94 | E24: 0.2239 | F24: 11 | G24: 17 | H24: 28
A25: 23 | B25: 24 | D25: 0.88 | E25: 0.2985 | F25: 15 | G25: 24 | H25: 39
A26: 24 | B26: 25 | C26: 0.4545 | D26: 0.88 | E26: 0.2985 | F26: 4 | G26: 13 | H26: 17
A27: 25 | B27: 26 | C27: 0.4394 | D27: 0.94 | E27: 0.2537 | F27: 1 | G27: 16 | H27: 17
A28: 26 | B28: 27 | C28: 0.4242 | D28: 1 | E28: 0.2836 | F28: 1 | G28: 8 | H28: 9
A29: 27 | B29: 28 | C29: 0.4545 | D29: 0.94 | E29: 0.194 | F29: 2 | G29: 4 | H29: 6
A30: 28 | B30: 29 | D30: 0.94 | E30: 0.194 | F30: 2 | G30: 1 | H30: 3
A31: 29 | B31: 30 | C31: 0.4242 | D31: 0.77 | E31: 0.2985 | F31: 0 | G31: 2 | H31: 2
A32: 30 | B32: 31 | C32: 0.4091 | D32: 0.76 | E32: 0.194 | F32: 0 | G32: 1 | H32: 1
A33: 31 | B33: 32 | C33: 0.4091 | D33: 0.71 | E33: 0.2239 | F33: 0 | G33: 8 | H33: 8
A34: 32 | B34: 33 | D34: 0.76 | E34: 0.2239 | F34: 1 | G34: 19 | H34: 20
A35: 33 | B35: 34 | C35: 0.3485 | D35: 0.81 | E35: 0.2239 | F35: 7 | G35: 46 | H35: 53
A36: 34 | B36: 35 | C36: 0.3333 | D36: 0.71 | E36: 0.2537 | F36: 16 | G36: 54 | H36: 70
A37: 35 | B37: 36 | C37: 0.3333 | D37: 0.66 | E37: 0.2985 | F37: 20 | G37: 73 | H37: 93
A38: 36 | B38: 37 | C38: 0.3485 | D38: 0.66 | E38: 0.1343 | F38: 11 | G38: 64 | H38: 75
A39: 37 | B39: 38 | D39: 0.76 | E39: 0.194 | F39: 4 | G39: 55 | H39: 59
A40: 38 | B40: 39 | C40: 0.3333 | D40: 0.81 | E40: 0.1642 | F40: 19 | G40: 55 | H40: 74
A41: 39 | B41: 40 | C41: 0.3333 | D41: 0.71 | E41: 0.1642 | F41: 9 | G41: 67 | H41: 76
A42: 40 | B42: 41 | C42: 0.3333 | D42: 0.57 | E42: 0.194 | F42: 7 | G42: 58 | H42: 65
A43: 41 | B43: 42 | C43: 0.3333 | D43: 0.46 | E43: 0.3284 | F43: 10 | G43: 43 | H43: 53
A44: 42 | B44: 43 | C44: 0.2879 | D44: 0.42 | E44: 0.4478 | F44: 1 | G44: 29 | H44: 30
A45: 43 | B45: 44 | D45: 0.39 | E45: 0.3582 | F45: 5 | G45: 17 | H45: 22
A46: 44 | B46: 45 | C46: 0.2273 | D46: 0.44 | E46: 0.3284 | F46: 11 | G46: 20 | H46: 31
A47: 45 | B47: 46 | C47: 0.2121 | D47: 0.44 | E47: 0.2985 | F47: 0 | G47: 9 | H47: 9
A48: 46 | B48: 47 | C48: 0.2273 | D48: 0.47 | E48: 0.1642 | F48: 0 | G48: 8 | H48: 8
A49: 47 | B49: 48 | C49: 0.197 | D49: 0.44 | E49: 0.3582 | F49: 0 | G49: 5 | H49: 5
A50: 48 | B50: 49 | D50: 0.44 | E50: 0.4179 | F50: 0 | G50: 2 | H50: 2
A51: 49 | B51: 50 | C51: 0.1364 | D51: 0.47 | E51: 0.3881 | F51: 0 | G51: 1 | H51: 1
A52: 50 | B52: 51 | C52: 0.1364 | D52: 0.47 | E52: 0.2836 | F52: 0 | G52: 3 | H52: 3
A53: 51 | B53: 52 | C53: 0.1061 | D53: 0.5 | E53: 0.3881 | F53: 0 | G53: 30 | H53: 30
A54: 52 | B54: 53 | C54: 0.1364 | D54: 0.5 | E54: 0.194 | F54: 1 | G54: 63 | H54: 64
A55: 53 | B55: 54 | C55: 0.1212 | D55: 0.5 | E55: 0.2836 | F55: 1 | G55: 153 | H55: 154
A56: 54 | B56: 55 | C56: 0.1364 | D56: 0.43 | E56: 0.3881 | F56: 7 | G56: 81 | H56: 88
A57: 55 | B57: 56 | C57: 0.1667 | D57: 0.43 | E57: 0.2537 | F57: 11 | G57: 33 | H57: 44
A58: 56 | B58: 57 | C58: 0.1818 | D58: 0.4 | E58: 0.3284 | F58: 10 | G58: 41 | H58: 51
A59: 57 | B59: 58 | C59: 0.2121 | D59: 0.35 | E59: 0.2985 | F59: 13 | G59: 48 | H59: 61
A60: 58 | B60: 59 | D60: 0.35 | E60: 0.2836 | F60: 8 | G60: 53 | H60: 61
A61: 59 | B61: 60 | C61: 0.2424 | D61: 0.3 | E61: 0.2836 | F61: 11 | G61: 66 | H61: 77
A62: 60 | B62: 61 | C62: 0.2424 | D62: 0.3 | E62: 0.2537 | F62: 14 | G62: 58 | H62: 72
A63: 61 | B63: 62 | C63: 0.2424 | D63: 0.3 | E63: 0.2537 | F63: 9 | G63: 67 | H63: 76
A64: 62 | B64: 63 | C64: 0.2273 | D64: 0.3 | E64: 0.2239 | F64: 11 | G64: 146 | H64: 157
A65: 63 | B65: 64 | C65: 0.2576 | D65: 0.32 | E65: 0.1045 | F65: 9 | G65: 148 | H65: 157
A66: 64 | B66: 65 | C66: 0.2576 | D66: 0.47 | E66: 0 | F66: 8 | G66: 102 | H66: 110
A67: 65 | B67: 66 | D67: 0.47 | E67: 0.1045 | F67: 3 | G67: 49 | H67: 52
A68: 66 | B68: 67 | C68: 0.197 | D68: 0.64 | E68: 0.1343 | F68: 3 | G68: 49 | H68: 52
A69: 67 | B69: 68 | C69: 0.1515 | D69: 0.69 | E69: 0.1343 | F69: 0 | G69: 20 | H69: 20
A70: 68 | B70: 69 | C70: 0.2121 | D70: 0.55 | E70: 0.1045 | F70: 1 | G70: 11 | H70: 12
A71: 69 | B71: 70 | D71: 0.55 | E71: 0.1045 | F71: 0 | G71: 5 | H71: 5
A72: 70 | B72: 71 | C72: 0.1818 | D72: 0.59 | E72: 0.1045 | F72: 0 | G72: 2 | H72: 2
A73: 71 | B73: 72 | C73: 0.1515 | D73: 0.63 | E73: 0.1343 | F73: 0 | G73: 1 | H73: 1
A74: 72 | B74: 73 | C74: 0.1818 | D74: 0.63 | E74: 0.0896 | F74: 0 | G74: 2 | H74: 2
A75: 73 | B75: 74 | C75: 0.1515 | D75: 0.68 | E75: 0.1045 | F75: 0 | G75: 4 | H75: 4
A76: 74 | B76: 75 | C76: 0.1515 | D76: 0.74 | E76: 0.1045 | F76: 0 | G76: 36 | H76: 36
A77: 75 | B77: 76 | C77: 0.1515 | D77: 0.74 | E77: 0.1343 | F77: 2 | G77: 92 | H77: 94
A78: 76 | B78: 77 | C78: 0.1515 | D78: 0.69 | E78: 0.1642 | F78: 2 | G78: 177 | H78: 179
A79: 77 | B79: 78 | C79: 0.1515 | D79: 0.64 | E79: 0.2239 | F79: 2 | G79: 98 | H79: 100
A80: 78 | B80: 79 | C80: 0.1364 | D80: 0.69 | E80: 0.3284 | F80: 5 | G80: 37 | H80: 42
A81: 79 | B81: 80 | C81: 0.2121 | D81: 0.51 | E81: 0.2985 | F81: 7 | G81: 50 | H81: 57
A82: 80 | B82: 81 | C82: 0.2273 | D82: 0.51 | E82: 0.1642 | F82: 12 | G82: 66 | H82: 78
A83: 81 | B83: 82 | C83: 0.2273 | D83: 0.56 | E83: 0.194 | F83: 18 | G83: 79 | H83: 97
... A611: 609 | B611: 610 | C611: 0.2576 | D611: 0.86 | E611: 0 | F611: 1 | G611: 40 | H611: 41

Sheet Dataset_3_Raw
A1: instant | B1: dteday | C1: season | D1: yr | E1: mnth | F1: hr | G1: holiday | H1: weekday | I1: weathersit | J1: temp | K1: atemp | L1: hum | M1: windspeed | N1: casual | O1: registered | P1: cnt
A2: 620 | B2: 2011-01-29 | C2: 1 | D2: 0 | E2: 1 | F2: 1 | G2: =FALSE() -> FALSE | H2: 6 | I2: 1 | J2: 0.22 | K2: 0.2273 | L2: 0.64 | M2: 0.194 | N2: 0 | O2: 20 | P2: 20
A3: 621 | B3: 2011-01-29 | C3: 1 | D3: 0 | E3: 1 | F3: 2 | G3: =FALSE() -> FALSE | H3: 6 | I3: 1 | J3: 0.22 | K3: 0.2273 | L3: 0.64 | M3: 0.1642 | N3: 0 | O3: 15 | P3: 15
A4: 622 | B4: 2011-01-29 | C4: 1 | D4: 0 | E4: 1 | F4: 3 | G4: =FALSE() -> FALSE | H4: 6 | I4: 1 | J4: 0.2 | K4: 0.2121 | L4: 0.64 | M4: 0.1343 | N4: 3 | O4: 5 | P4: 8
A5: 623 | B5: 2011-01-29 | C5: 1 | D5: 0 | E5: 1 | F5: 4 | G5: =FALSE() -> FALSE | H5: 6 | I5: 1 | J5: 0.16 | K5: 0.1818 | L5: 0.69 | M5: 0.1045 | N5: 1 | O5: 2 | P5: 3
A6: 624 | B6: 2011-01-29 | C6: 1 | D6: 0 | E6: 1 | F6: 6 | G6: =FALSE() -> FALSE | H6: 6 | I6: 1 | J6: 0.16 | K6: 0.1818 | L6: 0.64 | M6: 0.1343 | N6: 0 | O6: 2 | P6: 2
A7: 625 | B7: 2011-01-29 | C7: 1 | D7: 0 | E7: 1 | F7: 7 | G7: =FALSE() -> FALSE | H7: 6 | I7: 1 | J7: 0.16 | K7: 0.1818 | L7: 0.59 | M7: 0.1045 | N7: 1 | O7: 4 | P7: 5
A8: 626 | B8: 2011-01-29 | C8: 1 | D8: 0 | E8: 1 | F8: 8 | G8: =FALSE() -> FALSE | H8: 6 | I8: 1 | J8: 0.18 | K8: 0.197 | L8: 0.55 | M8: 0.1642 | N8: 3 | O8: 31 | P8: 34
A9: 627 | B9: 2011-01-29 | C9: 1 | D9: 0 | E9: 1 | F9: 9 | G9: =FALSE() -> FALSE | H9: 6 | I9: 1 | J9: 0.18 | K9: 0.2121 | L9: 0.59 | M9: 0.0896 | N9: 0 | O9: 34 | P9: 34
A10: 628 | B10: 2011-01-29 | C10: 1 | D10: 0 | E10: 1 | F10: 10 | G10: =FALSE() -> FALSE | H10: 6 | I10: 2 | J10: 0.18 | K10: 0.2121 | L10: 0.64 | M10: 0.1045 | N10: 4 | O10: 51 | P10: 55
A11: 629 | B11: 2011-01-29 | C11: 1 | D11: 0 | E11: 1 | F11: 11 | G11: =FALSE() -> FALSE | H11: 6 | I11: 2 | J11: 0.18 | K11: 0.197 | L11: 0.64 | M11: 0.1343 | N11: 4 | O11: 60 | P11: 64
A12: 630 | B12: 2011-01-29 | C12: 1 | D12: 0 | E12: 1 | F12: 12 | G12: =FALSE() -> FALSE | H12: 6 | I12: 2 | J12: 0.2 | K12: 0.197 | L12: 0.59 | M12: 0.194 | N12: 12 | O12: 66 | P12: 78
A13: 631 | B13: 2011-01-29 | C13: 1 | D13: 0 | E13: 1 | F13: 13 | G13: =FALSE() -> FALSE | H13: 6 | I13: 2 | J13: 0.22 | K13: 0.2273 | L13: 0.55 | M13: 0.1642 | N13: 9 | O13: 56 | P13: 65
... A391: 619 | B391: 2011-01-29 | C391: 1 | D391: 0 | E391: 1 | F391: 0 | G391: =FALSE() -> FALSE | H391: 6 | I391: 1 | J391: 0.22 | K391: 0.197 | L391: 0.64 | M391: 0.3582 | N391: 2 | O391: 26 | P391: 28

Sheet Lookups_Metadata
A1: NEXTHIKES IT SOLUTIONS | SYSTEM LOOKUP TABLES & DATA DICTIONARY
A3: Season Code | B3: Season Name | D3: Weekday Code | E3: Weekday Name | G3: Weather Code | H3: Weather Description | J3: Demand Level | K3: Threshold Rule
A4: 1 | B4: Spring | D4: 0 | E4: Sunday | G4: 1 | H4: Clear / Few Clouds | J4: Low Demand | K4: < 50 rides/hr
A5: 2 | B5: Summer | D5: 1 | E5: Monday | G5: 2 | H5: Mist / Cloudy | J5: Moderate Demand | K5: 50 to 149 rides/hr
A6: 3 | B6: Fall | D6: 2 | E6: Tuesday | G6: 3 | H6: Light Snow / Light Rain | J6: High Demand | K6: >= 150 rides/hr
A7: 4 | B7: Winter | D7: 3 | E7: Wednesday | G7: 4 | H7: Heavy Rain / Ice Pellets | J7: Peak Commute | K7: Weekdays 07:00-09:00 & 17:00-19:00
D8: 4 | E8: Thursday
D9: 5 | E9: Friday
D10: 6 | E10: Saturday
A13: DATA DICTIONARY & FIELD SPECIFICATIONS
A14: Field Name | B14: Source Tab | C14: Type | D14: Excel Transformation / Formula Logic | E14: Business Definition & Analytic Utility
A15: instant | B15: Dataset 1 & 3 | C15: Integer | D15: Primary Key identifier (1 to 1000) | E15: Sequential record number tracking chronological hourly progression.
A16: dteday | B16: Dataset 1 & 3 | C16: Date | D16: Format YYYY-MM-DD | E16: Observation date spanning 2011-01-01 through 2011-02-14.
A17: season | B17: Dataset 1 & 3 | C17: Integer | D17: 1=Spring, 2=Summer, 3=Fall, 4=Winter | E17: Seasonal indicator (all rows in Winter/Spring code 1).
A18: Season_Name | B18: Derived | C18: Text | D18: VLOOKUP(C5, Lookups_Metadata!$A$4:$B$7, 2, FALSE) | E18: Decoded textual name of season.
A19: yr | B19: Dataset 1 & 3 | C19: Integer | D19: 0=2011, 1=2012 | E19: Year indicator code.
A20: mnth | B20: Dataset 1 & 3 | C20: Integer | D20: 1 to 12 | E20: Calendar month of observation (1=January, 2=February).
A21: hr | B21: Dataset 1 & 3 | C21: Integer | D21: 0 to 23 | E21: Hour of day in 24-hour wall-clock notation.
A22: holiday | B22: Dataset 1 & 3 | C22: Boolean | D22: TRUE / FALSE | E22: Whether the day was an official public holiday (e.g. MLK Day).
A23: weekday | B23: Dataset 1 & 3 | C23: Integer | D23: 0=Sunday to 6=Saturday | E23: Day-of-week index.
A24: Weekday_Name | B24: Derived | C24: Text | D24: INDEX(Lookups_Metadata!$E$4:$E$10, MATCH(I5, Lookups_Metadata!$D$4:$D$10, 0)) | E24: Decoded human-readable weekday name via INDEX-MATCH.
A25: Day_Type | B25: Derived | C25: Text | D25: IF(H5=TRUE, "Holiday", IF(OR(I5=0, I5=6), "Weekend", "Weekday")) | E25: Operational categorization: Weekday, Weekend, or Holiday.
... A46: Date_Right_Day | B46: Derived | C46: Text | D46: RIGHT(TEXT(B5, "YYYY-MM-DD"), 2) | E46: Day of month extraction via RIGHT text function.

Sheet Master_Cleaned_Data
A1: NEXTHIKES IT SOLUTIONS | MASTER CONSOLIDATED & CLEANED BIKE DEMAND DATASET
A2: Hourly Records 1 to 1,000 | Merged Keys: instant, dteday, hr | Imputed Feeling Temperature | Dynamic Feature Engineering
A4: Instant | B4: Date | C4: Season | D4: Season_Name | E4: Year | F4: Month | G4: Hour | H4: Holiday | I4: Weekday | J4: Weekday_Name | K4: Day_Type | L4: Rush_Hour | M4: Weather_Sit | N4: Weather_Desc | O4: Temp_Norm | P4: Atemp_Raw | Q4: Atemp_Cleaned | R4: Imputation_Flag | S4: Humidity | T4: Windspeed | U4: Casual | V4: Registered | W4: Total_Count | X4: Casual_Share | Y4: Registered_Share | Z4: Demand_Level | AA4: Hour_Format | AB4: Date_Year | AC4: Date_Month_Text | AD4: Date_Length | AE4: Date_Left_Yr | AF4: Date_Right_Day
A5: 1 | B5: 2011-01-01 | C5: 1 | D5: =VLOOKUP(C5, Lookups_Metadata!$A$4:$B$7, 2, FALSE()) -> Spring | E5: 0 | F5: 1 | G5: 0 | H5: =FALSE() -> FALSE | I5: 6 | J5: =INDEX(Lookups_Metadata!$E$4:$E$10, MATCH(I5, Lookups_Metadata!$D$4:$D$10, 0)) -> Saturday | K5: =IF(H5=TRUE(), "Holiday", IF(OR(I5=0, I5=6), "Weekend", "Weekday")) -> Weekend | L5: =IF(AND(K5="Weekday", OR(AND(G5>=7, G5<=9), AND(G5>=17, G5<=19))), "Peak Commute", "Off-Peak") -> Off-Peak | M5: 1 | N5: =VLOOKUP(M5, Lookups_Metadata!$G$4:$H$7, 2, FALSE()) -> Clear / Few Clouds | O5: 0.24 | P5: 0.2879 | Q5: =IF(OR(P5="", ISBLANK(P5)), ROUND(0.9367*O5+0.0175, 4), P5) -> 0.2879 | R5: =IF(OR(P5="", ISBLANK(P5)), "Imputed (Regression/Trend)", "Original") -> Original | S5: 0.81 | T5: 0 | U5: 3 | V5: 13 | W5: =U5+V5 -> 16 | X5: =U5/W5 -> 0.1875 | Y5: =V5/W5 -> 0.8125 | Z5: =IF(W5>=150, "High Demand", IF(W5>=50, "Moderate Demand", "Low Demand")) -> Low Demand | AA5: =TEXT(G5, "00") & ":00" -> 00:00 | AB5: =YEAR(B5) -> 2011 | AC5: =TEXT(B5, "mmmm") -> January | AD5: =LEN(TEXT(B5, "YYYY-MM-DD")) -> 10 | AE5: =LEFT(TEXT(B5, "YYYY-MM-DD"), 4) -> 2011 | AF5: =RIGHT(TEXT(B5, "YYYY-MM-DD"), 2) -> 01
A6: 2 | B6: 2011-01-01 | C6: 1 | D6: =VLOOKUP(C6, Lookups_Metadata!$A$4:$B$7, 2, FALSE()) -> Spring | E6: 0 | F6: 1 | G6: 1 | H6: =FALSE() -> FALSE | I6: 6 | J6: =INDEX(Lookups_Metadata!$E$4:$E$10, MATCH(I6, Lookups_Metadata!$D$4:$D$10, 0)) -> Saturday | K6: =IF(H6=TRUE(), "Holiday", IF(OR(I6=0, I6=6), "Weekend", "Weekday")) -> Weekend | L6: =IF(AND(K6="Weekday", OR(AND(G6>=7, G6<=9), AND(G6>=17, G6<=19))), "Peak Commute", "Off-Peak") -> Off-Peak | M6: 1 | N6: =VLOOKUP(M6, Lookups_Metadata!$G$4:$H$7, 2, FALSE()) -> Clear / Few Clouds | O6: 0.22 | P6: 0.2727 | Q6: =IF(OR(P6="", ISBLANK(P6)), ROUND(0.9367*O6+0.0175, 4), P6) -> 0.2727 | R6: =IF(OR(P6="", ISBLANK(P6)), "Imputed (Regression/Trend)", "Original") -> Original | S6: 0.8 | T6: 0 | U6: 8 | V6: 32 | W6: =U6+V6 -> 40 | X6: =U6/W6 -> 0.2 | Y6: =V6/W6 -> 0.8 | Z6: =IF(W6>=150, "High Demand", IF(W6>=50, "Moderate Demand", "Low Demand")) -> Low Demand | AA6: =TEXT(G6, "00") & ":00" -> 01:00 | AB6: =YEAR(B6) -> 2011 | AC6: =TEXT(B6, "mmmm") -> January | AD6: =LEN(TEXT(B6, "YYYY-MM-DD")) -> 10 | AE6: =LEFT(TEXT(B6, "YYYY-MM-DD"), 4) -> 2011 | AF6: =RIGHT(TEXT(B6, "YYYY-MM-DD"), 2) -> 01
A7: 3 | B7: 2011-01-01 | C7: 1 | D7: =VLOOKUP(C7, Lookups_Metadata!$A$4:$B$7, 2, FALSE()) -> Spring | E7: 0 | F7: 1 | G7: 2 | H7: =FALSE() -> FALSE | I7: 6 | J7: =INDEX(Lookups_Metadata!$E$4:$E$10, MATCH(I7, Lookups_Metadata!$D$4:$D$10, 0)) -> Saturday | K7: =IF(H7=TRUE(), "Holiday", IF(OR(I7=0, I7=6), "Weekend", "Weekday")) -> Weekend | L7: =IF(AND(K7="Weekday", OR(AND(G7>=7, G7<=9), AND(G7>=17, G7<=19))), "Peak Commute", "Off-Peak") -> Off-Peak | M7: 1 | N7: =VLOOKUP(M7, Lookups_Metadata!$G$4:$H$7, 2, FALSE()) -> Clear / Few Clouds | O7: 0.22 | P7: 0.2727 | Q7: =IF(OR(P7="", ISBLANK(P7)), ROUND(0.9367*O7+0.0175, 4), P7) -> 0.2727 | R7: =IF(OR(P7="", ISBLANK(P7)), "Imputed (Regression/Trend)", "Original") -> Original | S7: 0.8 | T7: 0 | U7: 5 | V7: 27 | W7: =U7+V7 -> 32 | X7: =U7/W7 -> 0.15625 | Y7: =V7/W7 -> 0.84375 | Z7: =IF(W7>=150, "High Demand", IF(W7>=50, "Moderate Demand", "Low Demand")) -> Low Demand | AA7: =TEXT(G7, "00") & ":00" -> 02:00 | AB7: =YEAR(B7) -> 2011 | AC7: =TEXT(B7, "mmmm") -> January | AD7: =LEN(TEXT(B7, "YYYY-MM-DD")) -> 10 | AE7: =LEFT(TEXT(B7, "YYYY-MM-DD"), 4) -> 2011 | AF7: =RIGHT(TEXT(B7, "YYYY-MM-DD"), 2) -> 01
A8: 4 | B8: 2011-01-01 | C8: 1 | D8: =VLOOKUP(C8, Lookups_Metadata!$A$4:$B$7, 2, FALSE()) -> Spring | E8: 0 | F8: 1 | G8: 3 | H8: =FALSE() -> FALSE | I8: 6 | J8: =INDEX(Lookups_Metadata!$E$4:$E$10, MATCH(I8, Lookups_Metadata!$D$4:$D$10, 0)) -> Saturday | K8: =IF(H8=TRUE(), "Holiday", IF(OR(I8=0, I8=6), "Weekend", "Weekday")) -> Weekend | L8: =IF(AND(K8="Weekday", OR(AND(G8>=7, G8<=9), AND(G8>=17, G8<=19))), "Peak Commute", "Off-Peak") -> Off-Peak | M8: 1 | N8: =VLOOKUP(M8, Lookups_Metadata!$G$4:$H$7, 2, FALSE()) -> Clear / Few Clouds | O8: 0.24 | P8: 0.2879 | Q8: =IF(OR(P8="", ISBLANK(P8)), ROUND(0.9367*O8+0.0175, 4), P8) -> 0.2879 | R8: =IF(OR(P8="", ISBLANK(P8)), "Imputed (Regression/Trend)", "Original") -> Original | S8: 0.75 | T8: 0 | U8: 3 | V8: 10 | W8: =U8+V8 -> 13 | X8: =U8/W8 -> 0.23076923 | Y8: =V8/W8 -> 0.76923077 | Z8: =IF(W8>=150, "High Demand", IF(W8>=50, "Moderate Demand", "Low Demand")) -> Low Demand | AA8: =TEXT(G8, "00") & ":00" -> 03:00 | AB8: =YEAR(B8) -> 2011 | AC8: =TEXT(B8, "mmmm") -> January | AD8: =LEN(TEXT(B8, "YYYY-MM-DD")) -> 10 | AE8: =LEFT(TEXT(B8, "YYYY-MM-DD"), 4) -> 2011 | AF8: =RIGHT(TEXT(B8, "YYYY-MM-DD"), 2) -> 01
A9: 5 | B9: 2011-01-01 | C9: 1 | D9: =VLOOKUP(C9, Lookups_Metadata!$A$4:$B$7, 2, FALSE()) -> Spring | E9: 0 | F9: 1 | G9: 4 | H9: =FALSE() -> FALSE | I9: 6 | J9: =INDEX(Lookups_Metadata!$E$4:$E$10, MATCH(I9, Lookups_Metadata!$D$4:$D$10, 0)) -> Saturday | K9: =IF(H9=TRUE(), "Holiday", IF(OR(I9=0, I9=6), "Weekend", "Weekday")) -> Weekend | L9: =IF(AND(K9="Weekday", OR(AND(G9>=7, G9<=9), AND(G9>=17, G9<=19))), "Peak Commute", "Off-Peak") -> Off-Peak | M9: 1 | N9: =VLOOKUP(M9, Lookups_Metadata!$G$4:$H$7, 2, FALSE()) -> Clear / Few Clouds | O9: 0.24 | P9: 0.2879 | Q9: =IF(OR(P9="", ISBLANK(P9)), ROUND(0.9367*O9+0.0175, 4), P9) -> 0.2879 | R9: =IF(OR(P9="", ISBLANK(P9)), "Imputed (Regression/Trend)", "Original") -> Original | S9: 0.75 | T9: 0 | U9: 0 | V9: 1 | W9: =U9+V9 -> 1 | X9: =U9/W9 -> 0 | Y9: =V9/W9 -> 1 | Z9: =IF(W9>=150, "High Demand", IF(W9>=50, "Moderate Demand", "Low Demand")) -> Low Demand | AA9: =TEXT(G9, "00") & ":00" -> 04:00 | AB9: =YEAR(B9) -> 2011 | AC9: =TEXT(B9, "mmmm") -> January | AD9: =LEN(TEXT(B9, "YYYY-MM-DD")) -> 10 | AE9: =LEFT(TEXT(B9, "YYYY-MM-DD"), 4) -> 2011 | AF9: =RIGHT(TEXT(B9, "YYYY-MM-DD"), 2) -> 01
A10: 6 | B10: 2011-01-01 | C10: 1 | D10: =VLOOKUP(C10, Lookups_Metadata!$A$4:$B$7, 2, FALSE()) -> Spring | E10: 0 | F10: 1 | G10: 5 | H10: =FALSE() -> FALSE | I10: 6 | J10: =INDEX(Lookups_Metadata!$E$4:$E$10, MATCH(I10, Lookups_Metadata!$D$4:$D$10, 0)) -> Saturday | K10: =IF(H10=TRUE(), "Holiday", IF(OR(I10=0, I10=6), "Weekend", "Weekday")) -> Weekend | L10: =IF(AND(K10="Weekday", OR(AND(G10>=7, G10<=9), AND(G10>=17, G10<=19))), "Peak Commute", "Off-Peak") -> Off-Peak | M10: 2 | N10: =VLOOKUP(M10, Lookups_Metadata!$G$4:$H$7, 2, FALSE()) -> Mist / Cloudy | O10: 0.24 | P10: 0.2576 | Q10: =IF(OR(P10="", ISBLANK(P10)), ROUND(0.9367*O10+0.0175, 4), P10) -> 0.2576 | R10: =IF(OR(P10="", ISBLANK(P10)), "Imputed (Regression/Trend)", "Original") -> Original | S10: 0.75 | T10: 0.0896 | U10: 0 | V10: 1 | W10: =U10+V10 -> 1 | X10: =U10/W10 -> 0 | Y10: =V10/W10 -> 1 | Z10: =IF(W10>=150, "High Demand", IF(W10>=50, "Moderate Demand", "Low Demand")) -> Low Demand | AA10: =TEXT(G10, "00") & ":00" -> 05:00 | AB10: =YEAR(B10) -> 2011 | AC10: =TEXT(B10, "mmmm") -> January | AD10: =LEN(TEXT(B10, "YYYY-MM-DD")) -> 10 | AE10: =LEFT(TEXT(B10, "YYYY-MM-DD"), 4) -> 2011 | AF10: =RIGHT(TEXT(B10, "YYYY-MM-DD"), 2) -> 01
A11: 7 | B11: 2011-01-01 | C11: 1 | D11: =VLOOKUP(C11, Lookups_Metadata!$A$4:$B$7, 2, FALSE()) -> Spring | E11: 0 | F11: 1 | G11: 6 | H11: =FALSE() -> FALSE | I11: 6 | J11: =INDEX(Lookups_Metadata!$E$4:$E$10, MATCH(I11, Lookups_Metadata!$D$4:$D$10, 0)) -> Saturday | K11: =IF(H11=TRUE(), "Holiday", IF(OR(I11=0, I11=6), "Weekend", "Weekday")) -> Weekend | L11: =IF(AND(K11="Weekday", OR(AND(G11>=7, G11<=9), AND(G11>=17, G11<=19))), "Peak Commute", "Off-Peak") -> Off-Peak | M11: 1 | N11: =VLOOKUP(M11, Lookups_Metadata!$G$4:$H$7, 2, FALSE()) -> Clear / Few Clouds | O11: 0.22 | P11: 0.2727 | Q11: =IF(OR(P11="", ISBLANK(P11)), ROUND(0.9367*O11+0.0175, 4), P11) -> 0.2727 | R11: =IF(OR(P11="", ISBLANK(P11)), "Imputed (Regression/Trend)", "Original") -> Original | S11: 0.8 | T11: 0 | U11: 2 | V11: 0 | W11: =U11+V11 -> 2 | X11: =U11/W11 -> 1 | Y11: =V11/W11 -> 0 | Z11: =IF(W11>=150, "High Demand", IF(W11>=50, "Moderate Demand", "Low Demand")) -> Low Demand | AA11: =TEXT(G11, "00") & ":00" -> 06:00 | AB11: =YEAR(B11) -> 2011 | AC11: =TEXT(B11, "mmmm") -> January | AD11: =LEN(TEXT(B11, "YYYY-MM-DD")) -> 10 | AE11: =LEFT(TEXT(B11, "YYYY-MM-DD"), 4) -> 2011 | AF11: =RIGHT(TEXT(B11, "YYYY-MM-DD"), 2) -> 01
A12: 8 | B12: 2011-01-01 | C12: 1 | D12: =VLOOKUP(C12, Lookups_Metadata!$A$4:$B$7, 2, FALSE()) -> Spring | E12: 0 | F12: 1 | G12: 7 | H12: =FALSE() -> FALSE | I12: 6 | J12: =INDEX(Lookups_Metadata!$E$4:$E$10, MATCH(I12, Lookups_Metadata!$D$4:$D$10, 0)) -> Saturday | K12: =IF(H12=TRUE(), "Holiday", IF(OR(I12=0, I12=6), "Weekend", "Weekday")) -> Weekend | L12: =IF(AND(K12="Weekday", OR(AND(G12>=7, G12<=9), AND(G12>=17, G12<=19))), "Peak Commute", "Off-Peak") -> Off-Peak | M12: 1 | N12: =VLOOKUP(M12, Lookups_Metadata!$G$4:$H$7, 2, FALSE()) -> Clear / Few Clouds | O12: 0.2 | P12: 0.2576 | Q12: =IF(OR(P12="", ISBLANK(P12)), ROUND(0.9367*O12+0.0175, 4), P12) -> 0.2576 | R12: =IF(OR(P12="", ISBLANK(P12)), "Imputed (Regression/Trend)", "Original") -> Original | S12: 0.86 | T12: 0 | U12: 1 | V12: 2 | W12: =U12+V12 -> 3 | X12: =U12/W12 -> 0.33333333 | Y12: =V12/W12 -> 0.66666667 | Z12: =IF(W12>=150, "High Demand", IF(W12>=50, "Moderate Demand", "Low Demand")) -> Low Demand | AA12: =TEXT(G12, "00") & ":00" -> 07:00 | AB12: =YEAR(B12) -> 2011 | AC12: =TEXT(B12, "mmmm") -> January | AD12: =LEN(TEXT(B12, "YYYY-MM-DD")) -> 10 | AE12: =LEFT(TEXT(B12, "YYYY-MM-DD"), 4) -> 2011 | AF12: =RIGHT(TEXT(B12, "YYYY-MM-DD"), 2) -> 01
A13: 9 | B13: 2011-01-01 | C13: 1 | D13: =VLOOKUP(C13, Lookups_Metadata!$A$4:$B$7, 2, FALSE()) -> Spring | E13: 0 | F13: 1 | G13: 8 | H13: =FALSE() -> FALSE | I13: 6 | J13: =INDEX(Lookups_Metadata!$E$4:$E$10, MATCH(I13, Lookups_Metadata!$D$4:$D$10, 0)) -> Saturday | K13: =IF(H13=TRUE(), "Holiday", IF(OR(I13=0, I13=6), "Weekend", "Weekday")) -> Weekend | L13: =IF(AND(K13="Weekday", OR(AND(G13>=7, G13<=9), AND(G13>=17, G13<=19))), "Peak Commute", "Off-Peak") -> Off-Peak | M13: 1 | N13: =VLOOKUP(M13, Lookups_Metadata!$G$4:$H$7, 2, FALSE()) -> Clear / Few Clouds | O13: 0.24 | Q13: =IF(OR(P13="", ISBLANK(P13)), ROUND(0.9367*O13+0.0175, 4), P13) -> 0.2423 | R13: =IF(OR(P13="", ISBLANK(P13)), "Imputed (Regression/Trend)", "Original") -> Imputed (Regression/Trend) | S13: 0.75 | T13: 0 | U13: 1 | V13: 7 | W13: =U13+V13 -> 8 | X13: =U13/W13 -> 0.125 | Y13: =V13/W13 -> 0.875 | Z13: =IF(W13>=150, "High Demand", IF(W13>=50, "Moderate Demand", "Low Demand")) -> Low Demand | AA13: =TEXT(G13, "00") & ":00" -> 08:00 | AB13: =YEAR(B13) -> 2011 | AC13: =TEXT(B13, "mmmm") -> January | AD13: =LEN(TEXT(B13, "YYYY-MM-DD")) -> 10 | AE13: =LEFT(TEXT(B13, "YYYY-MM-DD"), 4) -> 2011 | AF13: =RIGHT(TEXT(B13, "YYYY-MM-DD"), 2) -> 01
A14: 10 | B14: 2011-01-01 | C14: 1 | D14: =VLOOKUP(C14, Lookups_Metadata!$A$4:$B$7, 2, FALSE()) -> Spring | E14: 0 | F14: 1 | G14: 9 | H14: =FALSE() -> FALSE | I14: 6 | J14: =INDEX(Lookups_Metadata!$E$4:$E$10, MATCH(I14, Lookups_Metadata!$D$4:$D$10, 0)) -> Saturday | K14: =IF(H14=TRUE(), "Holiday", IF(OR(I14=0, I14=6), "Weekend", "Weekday")) -> Weekend | L14: =IF(AND(K14="Weekday", OR(AND(G14>=7, G14<=9), AND(G14>=17, G14<=19))), "Peak Commute", "Off-Peak") -> Off-Peak | M14: 1 | N14: =VLOOKUP(M14, Lookups_Metadata!$G$4:$H$7, 2, FALSE()) -> Clear / Few Clouds | O14: 0.32 | P14: 0.3485 | Q14: =IF(OR(P14="", ISBLANK(P14)), ROUND(0.9367*O14+0.0175, 4), P14) -> 0.3485 | R14: =IF(OR(P14="", ISBLANK(P14)), "Imputed (Regression/Trend)", "Original") -> Original | S14: 0.76 | T14: 0 | U14: 8 | V14: 6 | W14: =U14+V14 -> 14 | X14: =U14/W14 -> 0.57142857 | Y14: =V14/W14 -> 0.42857143 | Z14: =IF(W14>=150, "High Demand", IF(W14>=50, "Moderate Demand", "Low Demand")) -> Low Demand | AA14: =TEXT(G14, "00") & ":00" -> 09:00 | AB14: =YEAR(B14) -> 2011 | AC14: =TEXT(B14, "mmmm") -> January | AD14: =LEN(TEXT(B14, "YYYY-MM-DD")) -> 10 | AE14: =LEFT(TEXT(B14, "YYYY-MM-DD"), 4) -> 2011 | AF14: =RIGHT(TEXT(B14, "YYYY-MM-DD"), 2) -> 01
A15: 11 | B15: 2011-01-01 | C15: 1 | D15: =VLOOKUP(C15, Lookups_Metadata!$A$4:$B$7, 2, FALSE()) -> Spring | E15: 0 | F15: 1 | G15: 10 | H15: =FALSE() -> FALSE | I15: 6 | J15: =INDEX(Lookups_Metadata!$E$4:$E$10, MATCH(I15, Lookups_Metadata!$D$4:$D$10, 0)) -> Saturday | K15: =IF(H15=TRUE(), "Holiday", IF(OR(I15=0, I15=6), "Weekend", "Weekday")) -> Weekend | L15: =IF(AND(K15="Weekday", OR(AND(G15>=7, G15<=9), AND(G15>=17, G15<=19))), "Peak Commute", "Off-Peak") -> Off-Peak | M15: 1 | N15: =VLOOKUP(M15, Lookups_Metadata!$G$4:$H$7, 2, FALSE()) -> Clear / Few Clouds | O15: 0.38 | P15: 0.3939 | Q15: =IF(OR(P15="", ISBLANK(P15)), ROUND(0.9367*O15+0.0175, 4), P15) -> 0.3939 | R15: =IF(OR(P15="", ISBLANK(P15)), "Imputed (Regression/Trend)", "Original") -> Original | S15: 0.76 | T15: 0.2537 | U15: 12 | V15: 24 | W15: =U15+V15 -> 36 | X15: =U15/W15 -> 0.33333333 | Y15: =V15/W15 -> 0.66666667 | Z15: =IF(W15>=150, "High Demand", IF(W15>=50, "Moderate Demand", "Low Demand")) -> Low Demand | AA15: =TEXT(G15, "00") & ":00" -> 10:00 | AB15: =YEAR(B15) -> 2011 | AC15: =TEXT(B15, "mmmm") -> January | AD15: =LEN(TEXT(B15, "YYYY-MM-DD")) -> 10 | AE15: =LEFT(TEXT(B15, "YYYY-MM-DD"), 4) -> 2011 | AF15: =RIGHT(TEXT(B15, "YYYY-MM-DD"), 2) -> 01
A16: 12 | B16: 2011-01-01 | C16: 1 | D16: =VLOOKUP(C16, Lookups_Metadata!$A$4:$B$7, 2, FALSE()) -> Spring | E16: 0 | F16: 1 | G16: 11 | H16: =FALSE() -> FALSE | I16: 6 | J16: =INDEX(Lookups_Metadata!$E$4:$E$10, MATCH(I16, Lookups_Metadata!$D$4:$D$10, 0)) -> Saturday | K16: =IF(H16=TRUE(), "Holiday", IF(OR(I16=0, I16=6), "Weekend", "Weekday")) -> Weekend | L16: =IF(AND(K16="Weekday", OR(AND(G16>=7, G16<=9), AND(G16>=17, G16<=19))), "Peak Commute", "Off-Peak") -> Off-Peak | M16: 1 | N16: =VLOOKUP(M16, Lookups_Metadata!$G$4:$H$7, 2, FALSE()) -> Clear / Few Clouds | O16: 0.36 | P16: 0.3333 | Q16: =IF(OR(P16="", ISBLANK(P16)), ROUND(0.9367*O16+0.0175, 4), P16) -> 0.3333 | R16: =IF(OR(P16="", ISBLANK(P16)), "Imputed (Regression/Trend)", "Original") -> Original | S16: 0.81 | T16: 0.2836 | U16: 26 | V16: 30 | W16: =U16+V16 -> 56 | X16: =U16/W16 -> 0.46428571 | Y16: =V16/W16 -> 0.53571429 | Z16: =IF(W16>=150, "High Demand", IF(W16>=50, "Moderate Demand", "Low Demand")) -> Moderate Demand | AA16: =TEXT(G16, "00") & ":00" -> 11:00 | AB16: =YEAR(B16) -> 2011 | AC16: =TEXT(B16, "mmmm") -> January | AD16: =LEN(TEXT(B16, "YYYY-MM-DD")) -> 10 | AE16: =LEFT(TEXT(B16, "YYYY-MM-DD"), 4) -> 2011 | AF16: =RIGHT(TEXT(B16, "YYYY-MM-DD"), 2) -> 01
A17: 13 | B17: 2011-01-01 | C17: 1 | D17: =VLOOKUP(C17, Lookups_Metadata!$A$4:$B$7, 2, FALSE()) -> Spring | E17: 0 | F17: 1 | G17: 12 | H17: =FALSE() -> FALSE | I17: 6 | J17: =INDEX(Lookups_Metadata!$E$4:$E$10, MATCH(I17, Lookups_Metadata!$D$4:$D$10, 0)) -> Saturday | K17: =IF(H17=TRUE(), "Holiday", IF(OR(I17=0, I17=6), "Weekend", "Weekday")) -> Weekend | L17: =IF(AND(K17="Weekday", OR(AND(G17>=7, G17<=9), AND(G17>=17, G17<=19))), "Peak Commute", "Off-Peak") -> Off-Peak | M17: 1 | N17: =VLOOKUP(M17, Lookups_Metadata!$G$4:$H$7, 2, FALSE()) -> Clear / Few Clouds | O17: 0.42 | P17: 0.4242 | Q17: =IF(OR(P17="", ISBLANK(P17)), ROUND(0.9367*O17+0.0175, 4), P17) -> 0.4242 | R17: =IF(OR(P17="", ISBLANK(P17)), "Imputed (Regression/Trend)", "Original") -> Original | S17: 0.77 | T17: 0.2836 | U17: 29 | V17: 55 | W17: =U17+V17 -> 84 | X17: =U17/W17 -> 0.3452381 | Y17: =V17/W17 -> 0.6547619 | Z17: =IF(W17>=150, "High Demand", IF(W17>=50, "Moderate Demand", "Low Demand")) -> Moderate Demand | AA17: =TEXT(G17, "00") & ":00" -> 12:00 | AB17: =YEAR(B17) -> 2011 | AC17: =TEXT(B17, "mmmm") -> January | AD17: =LEN(TEXT(B17, "YYYY-MM-DD")) -> 10 | AE17: =LEFT(TEXT(B17, "YYYY-MM-DD"), 4) -> 2011 | AF17: =RIGHT(TEXT(B17, "YYYY-MM-DD"), 2) -> 01
A18: 14 | B18: 2011-01-01 | C18: 1 | D18: =VLOOKUP(C18, Lookups_Metadata!$A$4:$B$7, 2, FALSE()) -> Spring | E18: 0 | F18: 1 | G18: 13 | H18: =FALSE() -> FALSE | I18: 6 | J18: =INDEX(Lookups_Metadata!$E$4:$E$10, MATCH(I18, Lookups_Metadata!$D$4:$D$10, 0)) -> Saturday | K18: =IF(H18=TRUE(), "Holiday", IF(OR(I18=0, I18=6), "Weekend", "Weekday")) -> Weekend | L18: =IF(AND(K18="Weekday", OR(AND(G18>=7, G18<=9), AND(G18>=17, G18<=19))), "Peak Commute", "Off-Peak") -> Off-Peak | M18: 2 | N18: =VLOOKUP(M18, Lookups_Metadata!$G$4:$H$7, 2, FALSE()) -> Mist / Cloudy | O18: 0.46 | P18: 0.4545 | Q18: =IF(OR(P18="", ISBLANK(P18)), ROUND(0.9367*O18+0.0175, 4), P18) -> 0.4545 | R18: =IF(OR(P18="", ISBLANK(P18)), "Imputed (Regression/Trend)", "Original") -> Original | S18: 0.72 | T18: 0.2985 | U18: 47 | V18: 47 | W18: =U18+V18 -> 94 | X18: =U18/W18 -> 0.5 | Y18: =V18/W18 -> 0.5 | Z18: =IF(W18>=150, "High Demand", IF(W18>=50, "Moderate Demand", "Low Demand")) -> Moderate Demand | AA18: =TEXT(G18, "00") & ":00" -> 13:00 | AB18: =YEAR(B18) -> 2011 | AC18: =TEXT(B18, "mmmm") -> January | AD18: =LEN(TEXT(B18, "YYYY-MM-DD")) -> 10 | AE18: =LEFT(TEXT(B18, "YYYY-MM-DD"), 4) -> 2011 | AF18: =RIGHT(TEXT(B18, "YYYY-MM-DD"), 2) -> 01
A19: 15 | B19: 2011-01-01 | C19: 1 | D19: =VLOOKUP(C19, Lookups_Metadata!$A$4:$B$7, 2, FALSE()) -> Spring | E19: 0 | F19: 1 | G19: 14 | H19: =FALSE() -> FALSE | I19: 6 | J19: =INDEX(Lookups_Metadata!$E$4:$E$10, MATCH(I19, Lookups_Metadata!$D$4:$D$10, 0)) -> Saturday | K19: =IF(H19=TRUE(), "Holiday", IF(OR(I19=0, I19=6), "Weekend", "Weekday")) -> Weekend | L19: =IF(AND(K19="Weekday", OR(AND(G19>=7, G19<=9), AND(G19>=17, G19<=19))), "Peak Commute", "Off-Peak") -> Off-Peak | M19: 2 | N19: =VLOOKUP(M19, Lookups_Metadata!$G$4:$H$7, 2, FALSE()) -> Mist / Cloudy | O19: 0.46 | P19: 0.4545 | Q19: =IF(OR(P19="", ISBLANK(P19)), ROUND(0.9367*O19+0.0175, 4), P19) -> 0.4545 | R19: =IF(OR(P19="", ISBLANK(P19)), "Imputed (Regression/Trend)", "Original") -> Original | S19: 0.72 | T19: 0.2836 | U19: 35 | V19: 71 | W19: =U19+V19 -> 106 | X19: =U19/W19 -> 0.33018868 | Y19: =V19/W19 -> 0.66981132 | Z19: =IF(W19>=150, "High Demand", IF(W19>=50, "Moderate Demand", "Low Demand")) -> Moderate Demand | AA19: =TEXT(G19, "00") & ":00" -> 14:00 | AB19: =YEAR(B19) -> 2011 | AC19: =TEXT(B19, "mmmm") -> January | AD19: =LEN(TEXT(B19, "YYYY-MM-DD")) -> 10 | AE19: =LEFT(TEXT(B19, "YYYY-MM-DD"), 4) -> 2011 | AF19: =RIGHT(TEXT(B19, "YYYY-MM-DD"), 2) -> 01
A20: 16 | B20: 2011-01-01 | C20: 1 | D20: =VLOOKUP(C20, Lookups_Metadata!$A$4:$B$7, 2, FALSE()) -> Spring | E20: 0 | F20: 1 | G20: 15 | H20: =FALSE() -> FALSE | I20: 6 | J20: =INDEX(Lookups_Metadata!$E$4:$E$10, MATCH(I20, Lookups_Metadata!$D$4:$D$10, 0)) -> Saturday | K20: =IF(H20=TRUE(), "Holiday", IF(OR(I20=0, I20=6), "Weekend", "Weekday")) -> Weekend | L20: =IF(AND(K20="Weekday", OR(AND(G20>=7, G20<=9), AND(G20>=17, G20<=19))), "Peak Commute", "Off-Peak") -> Off-Peak | M20: 2 | N20: =VLOOKUP(M20, Lookups_Metadata!$G$4:$H$7, 2, FALSE()) -> Mist / Cloudy | O20: 0.44 | P20: 0.4394 | Q20: =IF(OR(P20="", ISBLANK(P20)), ROUND(0.9367*O20+0.0175, 4), P20) -> 0.4394 | R20: =IF(OR(P20="", ISBLANK(P20)), "Imputed (Regression/Trend)", "Original") -> Original | S20: 0.77 | T20: 0.2985 | U20: 40 | V20: 70 | W20: =U20+V20 -> 110 | X20: =U20/W20 -> 0.36363636 | Y20: =V20/W20 -> 0.63636364 | Z20: =IF(W20>=150, "High Demand", IF(W20>=50, "Moderate Demand", "Low Demand")) -> Moderate Demand | AA20: =TEXT(G20, "00") & ":00" -> 15:00 | AB20: =YEAR(B20) -> 2011 | AC20: =TEXT(B20, "mmmm") -> January | AD20: =LEN(TEXT(B20, "YYYY-MM-DD")) -> 10 | AE20: =LEFT(TEXT(B20, "YYYY-MM-DD"), 4) -> 2011 | AF20: =RIGHT(TEXT(B20, "YYYY-MM-DD"), 2) -> 01
A21: 17 | B21: 2011-01-01 | C21: 1 | D21: =VLOOKUP(C21, Lookups_Metadata!$A$4:$B$7, 2, FALSE()) -> Spring | E21: 0 | F21: 1 | G21: 16 | H21: =FALSE() -> FALSE | I21: 6 | J21: =INDEX(Lookups_Metadata!$E$4:$E$10, MATCH(I21, Lookups_Metadata!$D$4:$D$10, 0)) -> Saturday | K21: =IF(H21=TRUE(), "Holiday", IF(OR(I21=0, I21=6), "Weekend", "Weekday")) -> Weekend | L21: =IF(AND(K21="Weekday", OR(AND(G21>=7, G21<=9), AND(G21>=17, G21<=19))), "Peak Commute", "Off-Peak") -> Off-Peak | M21: 2 | N21: =VLOOKUP(M21, Lookups_Metadata!$G$4:$H$7, 2, FALSE()) -> Mist / Cloudy | O21: 0.42 | P21: 0.4242 | Q21: =IF(OR(P21="", ISBLANK(P21)), ROUND(0.9367*O21+0.0175, 4), P21) -> 0.4242 | R21: =IF(OR(P21="", ISBLANK(P21)), "Imputed (Regression/Trend)", "Original") -> Original | S21: 0.82 | T21: 0.2985 | U21: 41 | V21: 52 | W21: =U21+V21 -> 93 | X21: =U21/W21 -> 0.44086022 | Y21: =V21/W21 -> 0.55913978 | Z21: =IF(W21>=150, "High Demand", IF(W21>=50, "Moderate Demand", "Low Demand")) -> Moderate Demand | AA21: =TEXT(G21, "00") & ":00" -> 16:00 | AB21: =YEAR(B21) -> 2011 | AC21: =TEXT(B21, "mmmm") -> January | AD21: =LEN(TEXT(B21, "YYYY-MM-DD")) -> 10 | AE21: =LEFT(TEXT(B21, "YYYY-MM-DD"), 4) -> 2011 | AF21: =RIGHT(TEXT(B21, "YYYY-MM-DD"), 2) -> 01
A22: 18 | B22: 2011-01-01 | C22: 1 | D22: =VLOOKUP(C22, Lookups_Metadata!$A$4:$B$7, 2, FALSE()) -> Spring | E22: 0 | F22: 1 | G22: 17 | H22: =FALSE() -> FALSE | I22: 6 | J22: =INDEX(Lookups_Metadata!$E$4:$E$10, MATCH(I22, Lookups_Metadata!$D$4:$D$10, 0)) -> Saturday | K22: =IF(H22=TRUE(), "Holiday", IF(OR(I22=0, I22=6), "Weekend", "Weekday")) -> Weekend | L22: =IF(AND(K22="Weekday", OR(AND(G22>=7, G22<=9), AND(G22>=17, G22<=19))), "Peak Commute", "Off-Peak") -> Off-Peak | M22: 2 | N22: =VLOOKUP(M22, Lookups_Metadata!$G$4:$H$7, 2, FALSE()) -> Mist / Cloudy | O22: 0.44 | Q22: =IF(OR(P22="", ISBLANK(P22)), ROUND(0.9367*O22+0.0175, 4), P22) -> 0.4296 | R22: =IF(OR(P22="", ISBLANK(P22)), "Imputed (Regression/Trend)", "Original") -> Imputed (Regression/Trend) | S22: 0.82 | T22: 0.2836 | U22: 15 | V22: 52 | W22: =U22+V22 -> 67 | X22: =U22/W22 -> 0.2238806 | Y22: =V22/W22 -> 0.7761194 | Z22: =IF(W22>=150, "High Demand", IF(W22>=50, "Moderate Demand", "Low Demand")) -> Moderate Demand | AA22: =TEXT(G22, "00") & ":00" -> 17:00 | AB22: =YEAR(B22) -> 2011 | AC22: =TEXT(B22, "mmmm") -> January | AD22: =LEN(TEXT(B22, "YYYY-MM-DD")) -> 10 | AE22: =LEFT(TEXT(B22, "YYYY-MM-DD"), 4) -> 2011 | AF22: =RIGHT(TEXT(B22, "YYYY-MM-DD"), 2) -> 01
A23: 19 | B23: 2011-01-01 | C23: 1 | D23: =VLOOKUP(C23, Lookups_Metadata!$A$4:$B$7, 2, FALSE()) -> Spring | E23: 0 | F23: 1 | G23: 18 | H23: =FALSE() -> FALSE | I23: 6 | J23: =INDEX(Lookups_Metadata!$E$4:$E$10, MATCH(I23, Lookups_Metadata!$D$4:$D$10, 0)) -> Saturday | K23: =IF(H23=TRUE(), "Holiday", IF(OR(I23=0, I23=6), "Weekend", "Weekday")) -> Weekend | L23: =IF(AND(K23="Weekday", OR(AND(G23>=7, G23<=9), AND(G23>=17, G23<=19))), "Peak Commute", "Off-Peak") -> Off-Peak | M23: 3 | N23: =VLOOKUP(M23, Lookups_Metadata!$G$4:$H$7, 2, FALSE()) -> Light Snow / Light Rain | O23: 0.42 | P23: 0.4242 | Q23: =IF(OR(P23="", ISBLANK(P23)), ROUND(0.9367*O23+0.0175, 4), P23) -> 0.4242 | R23: =IF(OR(P23="", ISBLANK(P23)), "Imputed (Regression/Trend)", "Original") -> Original | S23: 0.88 | T23: 0.2537 | U23: 9 | V23: 26 | W23: =U23+V23 -> 35 | X23: =U23/W23 -> 0.25714286 | Y23: =V23/W23 -> 0.74285714 | Z23: =IF(W23>=150, "High Demand", IF(W23>=50, "Moderate Demand", "Low Demand")) -> Low Demand | AA23: =TEXT(G23, "00") & ":00" -> 18:00 | AB23: =YEAR(B23) -> 2011 | AC23: =TEXT(B23, "mmmm") -> January | AD23: =LEN(TEXT(B23, "YYYY-MM-DD")) -> 10 | AE23: =LEFT(TEXT(B23, "YYYY-MM-DD"), 4) -> 2011 | AF23: =RIGHT(TEXT(B23, "YYYY-MM-DD"), 2) -> 01
A24: 20 | B24: 2011-01-01 | C24: 1 | D24: =VLOOKUP(C24, Lookups_Metadata!$A$4:$B$7, 2, FALSE()) -> Spring | E24: 0 | F24: 1 | G24: 19 | H24: =FALSE() -> FALSE | I24: 6 | J24: =INDEX(Lookups_Metadata!$E$4:$E$10, MATCH(I24, Lookups_Metadata!$D$4:$D$10, 0)) -> Saturday | K24: =IF(H24=TRUE(), "Holiday", IF(OR(I24=0, I24=6), "Weekend", "Weekday")) -> Weekend | L24: =IF(AND(K24="Weekday", OR(AND(G24>=7, G24<=9), AND(G24>=17, G24<=19))), "Peak Commute", "Off-Peak") -> Off-Peak | M24: 3 | N24: =VLOOKUP(M24, Lookups_Metadata!$G$4:$H$7, 2, FALSE()) -> Light Snow / Light Rain | O24: 0.42 | P24: 0.4242 | Q24: =IF(OR(P24="", ISBLANK(P24)), ROUND(0.9367*O24+0.0175, 4), P24) -> 0.4242 | R24: =IF(OR(P24="", ISBLANK(P24)), "Imputed (Regression/Trend)", "Original") -> Original | S24: 0.88 | T24: 0.2537 | U24: 6 | V24: 31 | W24: =U24+V24 -> 37 | X24: =U24/W24 -> 0.16216216 | Y24: =V24/W24 -> 0.83783784 | Z24: =IF(W24>=150, "High Demand", IF(W24>=50, "Moderate Demand", "Low Demand")) -> Low Demand | AA24: =TEXT(G24, "00") & ":00" -> 19:00 | AB24: =YEAR(B24) -> 2011 | AC24: =TEXT(B24, "mmmm") -> January | AD24: =LEN(TEXT(B24, "YYYY-MM-DD")) -> 10 | AE24: =LEFT(TEXT(B24, "YYYY-MM-DD"), 4) -> 2011 | AF24: =RIGHT(TEXT(B24, "YYYY-MM-DD"), 2) -> 01
A25: 21 | B25: 2011-01-01 | C25: 1 | D25: =VLOOKUP(C25, Lookups_Metadata!$A$4:$B$7, 2, FALSE()) -> Spring | E25: 0 | F25: 1 | G25: 20 | H25: =FALSE() -> FALSE | I25: 6 | J25: =INDEX(Lookups_Metadata!$E$4:$E$10, MATCH(I25, Lookups_Metadata!$D$4:$D$10, 0)) -> Saturday | K25: =IF(H25=TRUE(), "Holiday", IF(OR(I25=0, I25=6), "Weekend", "Weekday")) -> Weekend | L25: =IF(AND(K25="Weekday", OR(AND(G25>=7, G25<=9), AND(G25>=17, G25<=19))), "Peak Commute", "Off-Peak") -> Off-Peak | M25: 2 | N25: =VLOOKUP(M25, Lookups_Metadata!$G$4:$H$7, 2, FALSE()) -> Mist / Cloudy | O25: 0.4 | P25: 0.4091 | Q25: =IF(OR(P25="", ISBLANK(P25)), ROUND(0.9367*O25+0.0175, 4), P25) -> 0.4091 | R25: =IF(OR(P25="", ISBLANK(P25)), "Imputed (Regression/Trend)", "Original") -> Original | S25: 0.87 | T25: 0.2537 | U25: 11 | V25: 25 | W25: =U25+V25 -> 36 | X25: =U25/W25 -> 0.30555556 | Y25: =V25/W25 -> 0.69444444 | Z25: =IF(W25>=150, "High Demand", IF(W25>=50, "Moderate Demand", "Low Demand")) -> Low Demand | AA25: =TEXT(G25, "00") & ":00" -> 20:00 | AB25: =YEAR(B25) -> 2011 | AC25: =TEXT(B25, "mmmm") -> January | AD25: =LEN(TEXT(B25, "YYYY-MM-DD")) -> 10 | AE25: =LEFT(TEXT(B25, "YYYY-MM-DD"), 4) -> 2011 | AF25: =RIGHT(TEXT(B25, "YYYY-MM-DD"), 2) -> 01
A26: 22 | B26: 2011-01-01 | C26: 1 | D26: =VLOOKUP(C26, Lookups_Metadata!$A$4:$B$7, 2, FALSE()) -> Spring | E26: 0 | F26: 1 | G26: 21 | H26: =FALSE() -> FALSE | I26: 6 | J26: =INDEX(Lookups_Metadata!$E$4:$E$10, MATCH(I26, Lookups_Metadata!$D$4:$D$10, 0)) -> Saturday | K26: =IF(H26=TRUE(), "Holiday", IF(OR(I26=0, I26=6), "Weekend", "Weekday")) -> Weekend | L26: =IF(AND(K26="Weekday", OR(AND(G26>=7, G26<=9), AND(G26>=17, G26<=19))), "Peak Commute", "Off-Peak") -> Off-Peak | M26: 2 | N26: =VLOOKUP(M26, Lookups_Metadata!$G$4:$H$7, 2, FALSE()) -> Mist / Cloudy | O26: 0.4 | P26: 0.4091 | Q26: =IF(OR(P26="", ISBLANK(P26)), ROUND(0.9367*O26+0.0175, 4), P26) -> 0.4091 | R26: =IF(OR(P26="", ISBLANK(P26)), "Imputed (Regression/Trend)", "Original") -> Original | S26: 0.87 | T26: 0.194 | U26: 3 | V26: 31 | W26: =U26+V26 -> 34 | X26: =U26/W26 -> 0.088235294 | Y26: =V26/W26 -> 0.91176471 | Z26: =IF(W26>=150, "High Demand", IF(W26>=50, "Moderate Demand", "Low Demand")) -> Low Demand | AA26: =TEXT(G26, "00") & ":00" -> 21:00 | AB26: =YEAR(B26) -> 2011 | AC26: =TEXT(B26, "mmmm") -> January | AD26: =LEN(TEXT(B26, "YYYY-MM-DD")) -> 10 | AE26: =LEFT(TEXT(B26, "YYYY-MM-DD"), 4) -> 2011 | AF26: =RIGHT(TEXT(B26, "YYYY-MM-DD"), 2) -> 01
A27: 23 | B27: 2011-01-01 | C27: 1 | D27: =VLOOKUP(C27, Lookups_Metadata!$A$4:$B$7, 2, FALSE()) -> Spring | E27: 0 | F27: 1 | G27: 22 | H27: =FALSE() -> FALSE | I27: 6 | J27: =INDEX(Lookups_Metadata!$E$4:$E$10, MATCH(I27, Lookups_Metadata!$D$4:$D$10, 0)) -> Saturday | K27: =IF(H27=TRUE(), "Holiday", IF(OR(I27=0, I27=6), "Weekend", "Weekday")) -> Weekend | L27: =IF(AND(K27="Weekday", OR(AND(G27>=7, G27<=9), AND(G27>=17, G27<=19))), "Peak Commute", "Off-Peak") -> Off-Peak | M27: 2 | N27: =VLOOKUP(M27, Lookups_Metadata!$G$4:$H$7, 2, FALSE()) -> Mist / Cloudy | O27: 0.4 | P27: 0.4091 | Q27: =IF(OR(P27="", ISBLANK(P27)), ROUND(0.9367*O27+0.0175, 4), P27) -> 0.4091 | R27: =IF(OR(P27="", ISBLANK(P27)), "Imputed (Regression/Trend)", "Original") -> Original | S27: 0.94 | T27: 0.2239 | U27: 11 | V27: 17 | W27: =U27+V27 -> 28 | X27: =U27/W27 -> 0.39285714 | Y27: =V27/W27 -> 0.60714286 | Z27: =IF(W27>=150, "High Demand", IF(W27>=50, "Moderate Demand", "Low Demand")) -> Low Demand | AA27: =TEXT(G27, "00") & ":00" -> 22:00 | AB27: =YEAR(B27) -> 2011 | AC27: =TEXT(B27, "mmmm") -> January | AD27: =LEN(TEXT(B27, "YYYY-MM-DD")) -> 10 | AE27: =LEFT(TEXT(B27, "YYYY-MM-DD"), 4) -> 2011 | AF27: =RIGHT(TEXT(B27, "YYYY-MM-DD"), 2) -> 01
A28: 24 | B28: 2011-01-01 | C28: 1 | D28: =VLOOKUP(C28, Lookups_Metadata!$A$4:$B$7, 2, FALSE()) -> Spring | E28: 0 | F28: 1 | G28: 23 | H28: =FALSE() -> FALSE | I28: 6 | J28: =INDEX(Lookups_Metadata!$E$4:$E$10, MATCH(I28, Lookups_Metadata!$D$4:$D$10, 0)) -> Saturday | K28: =IF(H28=TRUE(), "Holiday", IF(OR(I28=0, I28=6), "Weekend", "Weekday")) -> Weekend | L28: =IF(AND(K28="Weekday", OR(AND(G28>=7, G28<=9), AND(G28>=17, G28<=19))), "Peak Commute", "Off-Peak") -> Off-Peak | M28: 2 | N28: =VLOOKUP(M28, Lookups_Metadata!$G$4:$H$7, 2, FALSE()) -> Mist / Cloudy | O28: 0.46 | Q28: =IF(OR(P28="", ISBLANK(P28)), ROUND(0.9367*O28+0.0175, 4), P28) -> 0.4484 | R28: =IF(OR(P28="", ISBLANK(P28)), "Imputed (Regression/Trend)", "Original") -> Imputed (Regression/Trend) | S28: 0.88 | T28: 0.2985 | U28: 15 | V28: 24 | W28: =U28+V28 -> 39 | X28: =U28/W28 -> 0.38461538 | Y28: =V28/W28 -> 0.61538462 | Z28: =IF(W28>=150, "High Demand", IF(W28>=50, "Moderate Demand", "Low Demand")) -> Low Demand | AA28: =TEXT(G28, "00") & ":00" -> 23:00 | AB28: =YEAR(B28) -> 2011 | AC28: =TEXT(B28, "mmmm") -> January | AD28: =LEN(TEXT(B28, "YYYY-MM-DD")) -> 10 | AE28: =LEFT(TEXT(B28, "YYYY-MM-DD"), 4) -> 2011 | AF28: =RIGHT(TEXT(B28, "YYYY-MM-DD"), 2) -> 01
A29: 25 | B29: 2011-01-02 | C29: 1 | D29: =VLOOKUP(C29, Lookups_Metadata!$A$4:$B$7, 2, FALSE()) -> Spring | E29: 0 | F29: 1 | G29: 0 | H29: =FALSE() -> FALSE | I29: 0 | J29: =INDEX(Lookups_Metadata!$E$4:$E$10, MATCH(I29, Lookups_Metadata!$D$4:$D$10, 0)) -> Sunday | K29: =IF(H29=TRUE(), "Holiday", IF(OR(I29=0, I29=6), "Weekend", "Weekday")) -> Weekend | L29: =IF(AND(K29="Weekday", OR(AND(G29>=7, G29<=9), AND(G29>=17, G29<=19))), "Peak Commute", "Off-Peak") -> Off-Peak | M29: 2 | N29: =VLOOKUP(M29, Lookups_Metadata!$G$4:$H$7, 2, FALSE()) -> Mist / Cloudy | O29: 0.46 | P29: 0.4545 | Q29: =IF(OR(P29="", ISBLANK(P29)), ROUND(0.9367*O29+0.0175, 4), P29) -> 0.4545 | R29: =IF(OR(P29="", ISBLANK(P29)), "Imputed (Regression/Trend)", "Original") -> Original | S29: 0.88 | T29: 0.2985 | U29: 4 | V29: 13 | W29: =U29+V29 -> 17 | X29: =U29/W29 -> 0.23529412 | Y29: =V29/W29 -> 0.76470588 | Z29: =IF(W29>=150, "High Demand", IF(W29>=50, "Moderate Demand", "Low Demand")) -> Low Demand | AA29: =TEXT(G29, "00") & ":00" -> 00:00 | AB29: =YEAR(B29) -> 2011 | AC29: =TEXT(B29, "mmmm") -> January | AD29: =LEN(TEXT(B29, "YYYY-MM-DD")) -> 10 | AE29: =LEFT(TEXT(B29, "YYYY-MM-DD"), 4) -> 2011 | AF29: =RIGHT(TEXT(B29, "YYYY-MM-DD"), 2) -> 02
A30: 26 | B30: 2011-01-02 | C30: 1 | D30: =VLOOKUP(C30, Lookups_Metadata!$A$4:$B$7, 2, FALSE()) -> Spring | E30: 0 | F30: 1 | G30: 1 | H30: =FALSE() -> FALSE | I30: 0 | J30: =INDEX(Lookups_Metadata!$E$4:$E$10, MATCH(I30, Lookups_Metadata!$D$4:$D$10, 0)) -> Sunday | K30: =IF(H30=TRUE(), "Holiday", IF(OR(I30=0, I30=6), "Weekend", "Weekday")) -> Weekend | L30: =IF(AND(K30="Weekday", OR(AND(G30>=7, G30<=9), AND(G30>=17, G30<=19))), "Peak Commute", "Off-Peak") -> Off-Peak | M30: 2 | N30: =VLOOKUP(M30, Lookups_Metadata!$G$4:$H$7, 2, FALSE()) -> Mist / Cloudy | O30: 0.44 | P30: 0.4394 | Q30: =IF(OR(P30="", ISBLANK(P30)), ROUND(0.9367*O30+0.0175, 4), P30) -> 0.4394 | R30: =IF(OR(P30="", ISBLANK(P30)), "Imputed (Regression/Trend)", "Original") -> Original | S30: 0.94 | T30: 0.2537 | U30: 1 | V30: 16 | W30: =U30+V30 -> 17 | X30: =U30/W30 -> 0.058823529 | Y30: =V30/W30 -> 0.94117647 | Z30: =IF(W30>=150, "High Demand", IF(W30>=50, "Moderate Demand", "Low Demand")) -> Low Demand | AA30: =TEXT(G30, "00") & ":00" -> 01:00 | AB30: =YEAR(B30) -> 2011 | AC30: =TEXT(B30, "mmmm") -> January | AD30: =LEN(TEXT(B30, "YYYY-MM-DD")) -> 10 | AE30: =LEFT(TEXT(B30, "YYYY-MM-DD"), 4) -> 2011 | AF30: =RIGHT(TEXT(B30, "YYYY-MM-DD"), 2) -> 02
A31: 27 | B31: 2011-01-02 | C31: 1 | D31: =VLOOKUP(C31, Lookups_Metadata!$A$4:$B$7, 2, FALSE()) -> Spring | E31: 0 | F31: 1 | G31: 2 | H31: =FALSE() -> FALSE | I31: 0 | J31: =INDEX(Lookups_Metadata!$E$4:$E$10, MATCH(I31, Lookups_Metadata!$D$4:$D$10, 0)) -> Sunday | K31: =IF(H31=TRUE(), "Holiday", IF(OR(I31=0, I31=6), "Weekend", "Weekday")) -> Weekend | L31: =IF(AND(K31="Weekday", OR(AND(G31>=7, G31<=9), AND(G31>=17, G31<=19))), "Peak Commute", "Off-Peak") -> Off-Peak | M31: 2 | N31: =VLOOKUP(M31, Lookups_Metadata!$G$4:$H$7, 2, FALSE()) -> Mist / Cloudy | O31: 0.42 | P31: 0.4242 | Q31: =IF(OR(P31="", ISBLANK(P31)), ROUND(0.9367*O31+0.0175, 4), P31) -> 0.4242 | R31: =IF(OR(P31="", ISBLANK(P31)), "Imputed (Regression/Trend)", "Original") -> Original | S31: 1 | T31: 0.2836 | U31: 1 | V31: 8 | W31: =U31+V31 -> 9 | X31: =U31/W31 -> 0.11111111 | Y31: =V31/W31 -> 0.88888889 | Z31: =IF(W31>=150, "High Demand", IF(W31>=50, "Moderate Demand", "Low Demand")) -> Low Demand | AA31: =TEXT(G31, "00") & ":00" -> 02:00 | AB31: =YEAR(B31) -> 2011 | AC31: =TEXT(B31, "mmmm") -> January | AD31: =LEN(TEXT(B31, "YYYY-MM-DD")) -> 10 | AE31: =LEFT(TEXT(B31, "YYYY-MM-DD"), 4) -> 2011 | AF31: =RIGHT(TEXT(B31, "YYYY-MM-DD"), 2) -> 02
A32: 28 | B32: 2011-01-02 | C32: 1 | D32: =VLOOKUP(C32, Lookups_Metadata!$A$4:$B$7, 2, FALSE()) -> Spring | E32: 0 | F32: 1 | G32: 3 | H32: =FALSE() -> FALSE | I32: 0 | J32: =INDEX(Lookups_Metadata!$E$4:$E$10, MATCH(I32, Lookups_Metadata!$D$4:$D$10, 0)) -> Sunday | K32: =IF(H32=TRUE(), "Holiday", IF(OR(I32=0, I32=6), "Weekend", "Weekday")) -> Weekend | L32: =IF(AND(K32="Weekday", OR(AND(G32>=7, G32<=9), AND(G32>=17, G32<=19))), "Peak Commute", "Off-Peak") -> Off-Peak | M32: 2 | N32: =VLOOKUP(M32, Lookups_Metadata!$G$4:$H$7, 2, FALSE()) -> Mist / Cloudy | O32: 0.46 | P32: 0.4545 | Q32: =IF(OR(P32="", ISBLANK(P32)), ROUND(0.9367*O32+0.0175, 4), P32) -> 0.4545 | R32: =IF(OR(P32="", ISBLANK(P32)), "Imputed (Regression/Trend)", "Original") -> Original | S32: 0.94 | T32: 0.194 | U32: 2 | V32: 4 | W32: =U32+V32 -> 6 | X32: =U32/W32 -> 0.33333333 | Y32: =V32/W32 -> 0.66666667 | Z32: =IF(W32>=150, "High Demand", IF(W32>=50, "Moderate Demand", "Low Demand")) -> Low Demand | AA32: =TEXT(G32, "00") & ":00" -> 03:00 | AB32: =YEAR(B32) -> 2011 | AC32: =TEXT(B32, "mmmm") -> January | AD32: =LEN(TEXT(B32, "YYYY-MM-DD")) -> 10 | AE32: =LEFT(TEXT(B32, "YYYY-MM-DD"), 4) -> 2011 | AF32: =RIGHT(TEXT(B32, "YYYY-MM-DD"), 2) -> 02
A33: 29 | B33: 2011-01-02 | C33: 1 | D33: =VLOOKUP(C33, Lookups_Metadata!$A$4:$B$7, 2, FALSE()) -> Spring | E33: 0 | F33: 1 | G33: 4 | H33: =FALSE() -> FALSE | I33: 0 | J33: =INDEX(Lookups_Metadata!$E$4:$E$10, MATCH(I33, Lookups_Metadata!$D$4:$D$10, 0)) -> Sunday | K33: =IF(H33=TRUE(), "Holiday", IF(OR(I33=0, I33=6), "Weekend", "Weekday")) -> Weekend | L33: =IF(AND(K33="Weekday", OR(AND(G33>=7, G33<=9), AND(G33>=17, G33<=19))), "Peak Commute", "Off-Peak") -> Off-Peak | M33: 2 | N33: =VLOOKUP(M33, Lookups_Metadata!$G$4:$H$7, 2, FALSE()) -> Mist / Cloudy | O33: 0.46 | Q33: =IF(OR(P33="", ISBLANK(P33)), ROUND(0.9367*O33+0.0175, 4), P33) -> 0.4484 | R33: =IF(OR(P33="", ISBLANK(P33)), "Imputed (Regression/Trend)", "Original") -> Imputed (Regression/Trend) | S33: 0.94 | T33: 0.194 | U33: 2 | V33: 1 | W33: =U33+V33 -> 3 | X33: =U33/W33 -> 0.66666667 | Y33: =V33/W33 -> 0.33333333 | Z33: =IF(W33>=150, "High Demand", IF(W33>=50, "Moderate Demand", "Low Demand")) -> Low Demand | AA33: =TEXT(G33, "00") & ":00" -> 04:00 | AB33: =YEAR(B33) -> 2011 | AC33: =TEXT(B33, "mmmm") -> January | AD33: =LEN(TEXT(B33, "YYYY-MM-DD")) -> 10 | AE33: =LEFT(TEXT(B33, "YYYY-MM-DD"), 4) -> 2011 | AF33: =RIGHT(TEXT(B33, "YYYY-MM-DD"), 2) -> 02
A34: 30 | B34: 2011-01-02 | C34: 1 | D34: =VLOOKUP(C34, Lookups_Metadata!$A$4:$B$7, 2, FALSE()) -> Spring | E34: 0 | F34: 1 | G34: 6 | H34: =FALSE() -> FALSE | I34: 0 | J34: =INDEX(Lookups_Metadata!$E$4:$E$10, MATCH(I34, Lookups_Metadata!$D$4:$D$10, 0)) -> Sunday | K34: =IF(H34=TRUE(), "Holiday", IF(OR(I34=0, I34=6), "Weekend", "Weekday")) -> Weekend | L34: =IF(AND(K34="Weekday", OR(AND(G34>=7, G34<=9), AND(G34>=17, G34<=19))), "Peak Commute", "Off-Peak") -> Off-Peak | M34: 3 | N34: =VLOOKUP(M34, Lookups_Metadata!$G$4:$H$7, 2, FALSE()) -> Light Snow / Light Rain | O34: 0.42 | P34: 0.4242 | Q34: =IF(OR(P34="", ISBLANK(P34)), ROUND(0.9367*O34+0.0175, 4), P34) -> 0.4242 | R34: =IF(OR(P34="", ISBLANK(P34)), "Imputed (Regression/Trend)", "Original") -> Original | S34: 0.77 | T34: 0.2985 | U34: 0 | V34: 2 | W34: =U34+V34 -> 2 | X34: =U34/W34 -> 0 | Y34: =V34/W34 -> 1 | Z34: =IF(W34>=150, "High Demand", IF(W34>=50, "Moderate Demand", "Low Demand")) -> Low Demand | AA34: =TEXT(G34, "00") & ":00" -> 06:00 | AB34: =YEAR(B34) -> 2011 | AC34: =TEXT(B34, "mmmm") -> January | AD34: =LEN(TEXT(B34, "YYYY-MM-DD")) -> 10 | AE34: =LEFT(TEXT(B34, "YYYY-MM-DD"), 4) -> 2011 | AF34: =RIGHT(TEXT(B34, "YYYY-MM-DD"), 2) -> 02
A35: 31 | B35: 2011-01-02 | C35: 1 | D35: =VLOOKUP(C35, Lookups_Metadata!$A$4:$B$7, 2, FALSE()) -> Spring | E35: 0 | F35: 1 | G35: 7 | H35: =FALSE() -> FALSE | I35: 0 | J35: =INDEX(Lookups_Metadata!$E$4:$E$10, MATCH(I35, Lookups_Metadata!$D$4:$D$10, 0)) -> Sunday | K35: =IF(H35=TRUE(), "Holiday", IF(OR(I35=0, I35=6), "Weekend", "Weekday")) -> Weekend | L35: =IF(AND(K35="Weekday", OR(AND(G35>=7, G35<=9), AND(G35>=17, G35<=19))), "Peak Commute", "Off-Peak") -> Off-Peak | M35: 2 | N35: =VLOOKUP(M35, Lookups_Metadata!$G$4:$H$7, 2, FALSE()) -> Mist / Cloudy | O35: 0.4 | P35: 0.4091 | Q35: =IF(OR(P35="", ISBLANK(P35)), ROUND(0.9367*O35+0.0175, 4), P35) -> 0.4091 | R35: =IF(OR(P35="", ISBLANK(P35)), "Imputed (Regression/Trend)", "Original") -> Original | S35: 0.76 | T35: 0.194 | U35: 0 | V35: 1 | W35: =U35+V35 -> 1 | X35: =U35/W35 -> 0 | Y35: =V35/W35 -> 1 | Z35: =IF(W35>=150, "High Demand", IF(W35>=50, "Moderate Demand", "Low Demand")) -> Low Demand | AA35: =TEXT(G35, "00") & ":00" -> 07:00 | AB35: =YEAR(B35) -> 2011 | AC35: =TEXT(B35, "mmmm") -> January | AD35: =LEN(TEXT(B35, "YYYY-MM-DD")) -> 10 | AE35: =LEFT(TEXT(B35, "YYYY-MM-DD"), 4) -> 2011 | AF35: =RIGHT(TEXT(B35, "YYYY-MM-DD"), 2) -> 02
A36: 32 | B36: 2011-01-02 | C36: 1 | D36: =VLOOKUP(C36, Lookups_Metadata!$A$4:$B$7, 2, FALSE()) -> Spring | E36: 0 | F36: 1 | G36: 8 | H36: =FALSE() -> FALSE | I36: 0 | J36: =INDEX(Lookups_Metadata!$E$4:$E$10, MATCH(I36, Lookups_Metadata!$D$4:$D$10, 0)) -> Sunday | K36: =IF(H36=TRUE(), "Holiday", IF(OR(I36=0, I36=6), "Weekend", "Weekday")) -> Weekend | L36: =IF(AND(K36="Weekday", OR(AND(G36>=7, G36<=9), AND(G36>=17, G36<=19))), "Peak Commute", "Off-Peak") -> Off-Peak | M36: 3 | N36: =VLOOKUP(M36, Lookups_Metadata!$G$4:$H$7, 2, FALSE()) -> Light Snow / Light Rain | O36: 0.4 | P36: 0.4091 | Q36: =IF(OR(P36="", ISBLANK(P36)), ROUND(0.9367*O36+0.0175, 4), P36) -> 0.4091 | R36: =IF(OR(P36="", ISBLANK(P36)), "Imputed (Regression/Trend)", "Original") -> Original | S36: 0.71 | T36: 0.2239 | U36: 0 | V36: 8 | W36: =U36+V36 -> 8 | X36: =U36/W36 -> 0 | Y36: =V36/W36 -> 1 | Z36: =IF(W36>=150, "High Demand", IF(W36>=50, "Moderate Demand", "Low Demand")) -> Low Demand | AA36: =TEXT(G36, "00") & ":00" -> 08:00 | AB36: =YEAR(B36) -> 2011 | AC36: =TEXT(B36, "mmmm") -> January | AD36: =LEN(TEXT(B36, "YYYY-MM-DD")) -> 10 | AE36: =LEFT(TEXT(B36, "YYYY-MM-DD"), 4) -> 2011 | AF36: =RIGHT(TEXT(B36, "YYYY-MM-DD"), 2) -> 02
A37: 33 | B37: 2011-01-02 | C37: 1 | D37: =VLOOKUP(C37, Lookups_Metadata!$A$4:$B$7, 2, FALSE()) -> Spring | E37: 0 | F37: 1 | G37: 9 | H37: =FALSE() -> FALSE | I37: 0 | J37: =INDEX(Lookups_Metadata!$E$4:$E$10, MATCH(I37, Lookups_Metadata!$D$4:$D$10, 0)) -> Sunday | K37: =IF(H37=TRUE(), "Holiday", IF(OR(I37=0, I37=6), "Weekend", "Weekday")) -> Weekend | L37: =IF(AND(K37="Weekday", OR(AND(G37>=7, G37<=9), AND(G37>=17, G37<=19))), "Peak Commute", "Off-Peak") -> Off-Peak | M37: 2 | N37: =VLOOKUP(M37, Lookups_Metadata!$G$4:$H$7, 2, FALSE()) -> Mist / Cloudy | O37: 0.38 | Q37: =IF(OR(P37="", ISBLANK(P37)), ROUND(0.9367*O37+0.0175, 4), P37) -> 0.3734 | R37: =IF(OR(P37="", ISBLANK(P37)), "Imputed (Regression/Trend)", "Original") -> Imputed (Regression/Trend) | S37: 0.76 | T37: 0.2239 | U37: 1 | V37: 19 | W37: =U37+V37 -> 20 | X37: =U37/W37 -> 0.05 | Y37: =V37/W37 -> 0.95 | Z37: =IF(W37>=150, "High Demand", IF(W37>=50, "Moderate Demand", "Low Demand")) -> Low Demand | AA37: =TEXT(G37, "00") & ":00" -> 09:00 | AB37: =YEAR(B37) -> 2011 | AC37: =TEXT(B37, "mmmm") -> January | AD37: =LEN(TEXT(B37, "YYYY-MM-DD")) -> 10 | AE37: =LEFT(TEXT(B37, "YYYY-MM-DD"), 4) -> 2011 | AF37: =RIGHT(TEXT(B37, "YYYY-MM-DD"), 2) -> 02
A38: 34 | B38: 2011-01-02 | C38: 1 | D38: =VLOOKUP(C38, Lookups_Metadata!$A$4:$B$7, 2, FALSE()) -> Spring | E38: 0 | F38: 1 | G38: 10 | H38: =FALSE() -> FALSE | I38: 0 | J38: =INDEX(Lookups_Metadata!$E$4:$E$10, MATCH(I38, Lookups_Metadata!$D$4:$D$10, 0)) -> Sunday | K38: =IF(H38=TRUE(), "Holiday", IF(OR(I38=0, I38=6), "Weekend", "Weekday")) -> Weekend | L38: =IF(AND(K38="Weekday", OR(AND(G38>=7, G38<=9), AND(G38>=17, G38<=19))), "Peak Commute", "Off-Peak") -> Off-Peak | M38: 2 | N38: =VLOOKUP(M38, Lookups_Metadata!$G$4:$H$7, 2, FALSE()) -> Mist / Cloudy | O38: 0.36 | P38: 0.3485 | Q38: =IF(OR(P38="", ISBLANK(P38)), ROUND(0.9367*O38+0.0175, 4), P38) -> 0.3485 | R38: =IF(OR(P38="", ISBLANK(P38)), "Imputed (Regression/Trend)", "Original") -> Original | S38: 0.81 | T38: 0.2239 | U38: 7 | V38: 46 | W38: =U38+V38 -> 53 | X38: =U38/W38 -> 0.13207547 | Y38: =V38/W38 -> 0.86792453 | Z38: =IF(W38>=150, "High Demand", IF(W38>=50, "Moderate Demand", "Low Demand")) -> Moderate Demand | AA38: =TEXT(G38, "00") & ":00" -> 10:00 | AB38: =YEAR(B38) -> 2011 | AC38: =TEXT(B38, "mmmm") -> January | AD38: =LEN(TEXT(B38, "YYYY-MM-DD")) -> 10 | AE38: =LEFT(TEXT(B38, "YYYY-MM-DD"), 4) -> 2011 | AF38: =RIGHT(TEXT(B38, "YYYY-MM-DD"), 2) -> 02
A39: 35 | B39: 2011-01-02 | C39: 1 | D39: =VLOOKUP(C39, Lookups_Metadata!$A$4:$B$7, 2, FALSE()) -> Spring | E39: 0 | F39: 1 | G39: 11 | H39: =FALSE() -> FALSE | I39: 0 | J39: =INDEX(Lookups_Metadata!$E$4:$E$10, MATCH(I39, Lookups_Metadata!$D$4:$D$10, 0)) -> Sunday | K39: =IF(H39=TRUE(), "Holiday", IF(OR(I39=0, I39=6), "Weekend", "Weekday")) -> Weekend | L39: =IF(AND(K39="Weekday", OR(AND(G39>=7, G39<=9), AND(G39>=17, G39<=19))), "Peak Commute", "Off-Peak") -> Off-Peak | M39: 2 | N39: =VLOOKUP(M39, Lookups_Metadata!$G$4:$H$7, 2, FALSE()) -> Mist / Cloudy | O39: 0.36 | P39: 0.3333 | Q39: =IF(OR(P39="", ISBLANK(P39)), ROUND(0.9367*O39+0.0175, 4), P39) -> 0.3333 | R39: =IF(OR(P39="", ISBLANK(P39)), "Imputed (Regression/Trend)", "Original") -> Original | S39: 0.71 | T39: 0.2537 | U39: 16 | V39: 54 | W39: =U39+V39 -> 70 | X39: =U39/W39 -> 0.22857143 | Y39: =V39/W39 -> 0.77142857 | Z39: =IF(W39>=150, "High Demand", IF(W39>=50, "Moderate Demand", "Low Demand")) -> Moderate Demand | AA39: =TEXT(G39, "00") & ":00" -> 11:00 | AB39: =YEAR(B39) -> 2011 | AC39: =TEXT(B39, "mmmm") -> January | AD39: =LEN(TEXT(B39, "YYYY-MM-DD")) -> 10 | AE39: =LEFT(TEXT(B39, "YYYY-MM-DD"), 4) -> 2011 | AF39: =RIGHT(TEXT(B39, "YYYY-MM-DD"), 2) -> 02
A40: 36 | B40: 2011-01-02 | C40: 1 | D40: =VLOOKUP(C40, Lookups_Metadata!$A$4:$B$7, 2, FALSE()) -> Spring | E40: 0 | F40: 1 | G40: 12 | H40: =FALSE() -> FALSE | I40: 0 | J40: =INDEX(Lookups_Metadata!$E$4:$E$10, MATCH(I40, Lookups_Metadata!$D$4:$D$10, 0)) -> Sunday | K40: =IF(H40=TRUE(), "Holiday", IF(OR(I40=0, I40=6), "Weekend", "Weekday")) -> Weekend | L40: =IF(AND(K40="Weekday", OR(AND(G40>=7, G40<=9), AND(G40>=17, G40<=19))), "Peak Commute", "Off-Peak") -> Off-Peak | M40: 2 | N40: =VLOOKUP(M40, Lookups_Metadata!$G$4:$H$7, 2, FALSE()) -> Mist / Cloudy | O40: 0.36 | P40: 0.3333 | Q40: =IF(OR(P40="", ISBLANK(P40)), ROUND(0.9367*O40+0.0175, 4), P40) -> 0.3333 | R40: =IF(OR(P40="", ISBLANK(P40)), "Imputed (Regression/Trend)", "Original") -> Original | S40: 0.66 | T40: 0.2985 | U40: 20 | V40: 73 | W40: =U40+V40 -> 93 | X40: =U40/W40 -> 0.21505376 | Y40: =V40/W40 -> 0.78494624 | Z40: =IF(W40>=150, "High Demand", IF(W40>=50, "Moderate Demand", "Low Demand")) -> Moderate Demand | AA40: =TEXT(G40, "00") & ":00" -> 12:00 | AB40: =YEAR(B40) -> 2011 | AC40: =TEXT(B40, "mmmm") -> January | AD40: =LEN(TEXT(B40, "YYYY-MM-DD")) -> 10 | AE40: =LEFT(TEXT(B40, "YYYY-MM-DD"), 4) -> 2011 | AF40: =RIGHT(TEXT(B40, "YYYY-MM-DD"), 2) -> 02
A41: 37 | B41: 2011-01-02 | C41: 1 | D41: =VLOOKUP(C41, Lookups_Metadata!$A$4:$B$7, 2, FALSE()) -> Spring | E41: 0 | F41: 1 | G41: 13 | H41: =FALSE() -> FALSE | I41: 0 | J41: =INDEX(Lookups_Metadata!$E$4:$E$10, MATCH(I41, Lookups_Metadata!$D$4:$D$10, 0)) -> Sunday | K41: =IF(H41=TRUE(), "Holiday", IF(OR(I41=0, I41=6), "Weekend", "Weekday")) -> Weekend | L41: =IF(AND(K41="Weekday", OR(AND(G41>=7, G41<=9), AND(G41>=17, G41<=19))), "Peak Commute", "Off-Peak") -> Off-Peak | M41: 2 | N41: =VLOOKUP(M41, Lookups_Metadata!$G$4:$H$7, 2, FALSE()) -> Mist / Cloudy | O41: 0.36 | P41: 0.3485 | Q41: =IF(OR(P41="", ISBLANK(P41)), ROUND(0.9367*O41+0.0175, 4), P41) -> 0.3485 | R41: =IF(OR(P41="", ISBLANK(P41)), "Imputed (Regression/Trend)", "Original") -> Original | S41: 0.66 | T41: 0.1343 | U41: 11 | V41: 64 | W41: =U41+V41 -> 75 | X41: =U41/W41 -> 0.14666667 | Y41: =V41/W41 -> 0.85333333 | Z41: =IF(W41>=150, "High Demand", IF(W41>=50, "Moderate Demand", "Low Demand")) -> Moderate Demand | AA41: =TEXT(G41, "00") & ":00" -> 13:00 | AB41: =YEAR(B41) -> 2011 | AC41: =TEXT(B41, "mmmm") -> January | AD41: =LEN(TEXT(B41, "YYYY-MM-DD")) -> 10 | AE41: =LEFT(TEXT(B41, "YYYY-MM-DD"), 4) -> 2011 | AF41: =RIGHT(TEXT(B41, "YYYY-MM-DD"), 2) -> 02
A42: 38 | B42: 2011-01-02 | C42: 1 | D42: =VLOOKUP(C42, Lookups_Metadata!$A$4:$B$7, 2, FALSE()) -> Spring | E42: 0 | F42: 1 | G42: 14 | H42: =FALSE() -> FALSE | I42: 0 | J42: =INDEX(Lookups_Metadata!$E$4:$E$10, MATCH(I42, Lookups_Metadata!$D$4:$D$10, 0)) -> Sunday | K42: =IF(H42=TRUE(), "Holiday", IF(OR(I42=0, I42=6), "Weekend", "Weekday")) -> Weekend | L42: =IF(AND(K42="Weekday", OR(AND(G42>=7, G42<=9), AND(G42>=17, G42<=19))), "Peak Commute", "Off-Peak") -> Off-Peak | M42: 3 | N42: =VLOOKUP(M42, Lookups_Metadata!$G$4:$H$7, 2, FALSE()) -> Light Snow / Light Rain | O42: 0.36 | Q42: =IF(OR(P42="", ISBLANK(P42)), ROUND(0.9367*O42+0.0175, 4), P42) -> 0.3547 | R42: =IF(OR(P42="", ISBLANK(P42)), "Imputed (Regression/Trend)", "Original") -> Imputed (Regression/Trend) | S42: 0.76 | T42: 0.194 | U42: 4 | V42: 55 | W42: =U42+V42 -> 59 | X42: =U42/W42 -> 0.06779661 | Y42: =V42/W42 -> 0.93220339 | Z42: =IF(W42>=150, "High Demand", IF(W42>=50, "Moderate Demand", "Low Demand")) -> Moderate Demand | AA42: =TEXT(G42, "00") & ":00" -> 14:00 | AB42: =YEAR(B42) -> 2011 | AC42: =TEXT(B42, "mmmm") -> January | AD42: =LEN(TEXT(B42, "YYYY-MM-DD")) -> 10 | AE42: =LEFT(TEXT(B42, "YYYY-MM-DD"), 4) -> 2011 | AF42: =RIGHT(TEXT(B42, "YYYY-MM-DD"), 2) -> 02
A43: 39 | B43: 2011-01-02 | C43: 1 | D43: =VLOOKUP(C43, Lookups_Metadata!$A$4:$B$7, 2, FALSE()) -> Spring | E43: 0 | F43: 1 | G43: 15 | H43: =FALSE() -> FALSE | I43: 0 | J43: =INDEX(Lookups_Metadata!$E$4:$E$10, MATCH(I43, Lookups_Metadata!$D$4:$D$10, 0)) -> Sunday | K43: =IF(H43=TRUE(), "Holiday", IF(OR(I43=0, I43=6), "Weekend", "Weekday")) -> Weekend | L43: =IF(AND(K43="Weekday", OR(AND(G43>=7, G43<=9), AND(G43>=17, G43<=19))), "Peak Commute", "Off-Peak") -> Off-Peak | M43: 3 | N43: =VLOOKUP(M43, Lookups_Metadata!$G$4:$H$7, 2, FALSE()) -> Light Snow / Light Rain | O43: 0.34 | P43: 0.3333 | Q43: =IF(OR(P43="", ISBLANK(P43)), ROUND(0.9367*O43+0.0175, 4), P43) -> 0.3333 | R43: =IF(OR(P43="", ISBLANK(P43)), "Imputed (Regression/Trend)", "Original") -> Original | S43: 0.81 | T43: 0.1642 | U43: 19 | V43: 55 | W43: =U43+V43 -> 74 | X43: =U43/W43 -> 0.25675676 | Y43: =V43/W43 -> 0.74324324 | Z43: =IF(W43>=150, "High Demand", IF(W43>=50, "Moderate Demand", "Low Demand")) -> Moderate Demand | AA43: =TEXT(G43, "00") & ":00" -> 15:00 | AB43: =YEAR(B43) -> 2011 | AC43: =TEXT(B43, "mmmm") -> January | AD43: =LEN(TEXT(B43, "YYYY-MM-DD")) -> 10 | AE43: =LEFT(TEXT(B43, "YYYY-MM-DD"), 4) -> 2011 | AF43: =RIGHT(TEXT(B43, "YYYY-MM-DD"), 2) -> 02
A44: 40 | B44: 2011-01-02 | C44: 1 | D44: =VLOOKUP(C44, Lookups_Metadata!$A$4:$B$7, 2, FALSE()) -> Spring | E44: 0 | F44: 1 | G44: 16 | H44: =FALSE() -> FALSE | I44: 0 | J44: =INDEX(Lookups_Metadata!$E$4:$E$10, MATCH(I44, Lookups_Metadata!$D$4:$D$10, 0)) -> Sunday | K44: =IF(H44=TRUE(), "Holiday", IF(OR(I44=0, I44=6), "Weekend", "Weekday")) -> Weekend | L44: =IF(AND(K44="Weekday", OR(AND(G44>=7, G44<=9), AND(G44>=17, G44<=19))), "Peak Commute", "Off-Peak") -> Off-Peak | M44: 3 | N44: =VLOOKUP(M44, Lookups_Metadata!$G$4:$H$7, 2, FALSE()) -> Light Snow / Light Rain | O44: 0.34 | P44: 0.3333 | Q44: =IF(OR(P44="", ISBLANK(P44)), ROUND(0.9367*O44+0.0175, 4), P44) -> 0.3333 | R44: =IF(OR(P44="", ISBLANK(P44)), "Imputed (Regression/Trend)", "Original") -> Original | S44: 0.71 | T44: 0.1642 | U44: 9 | V44: 67 | W44: =U44+V44 -> 76 | X44: =U44/W44 -> 0.11842105 | Y44: =V44/W44 -> 0.88157895 | Z44: =IF(W44>=150, "High Demand", IF(W44>=50, "Moderate Demand", "Low Demand")) -> Moderate Demand | AA44: =TEXT(G44, "00") & ":00" -> 16:00 | AB44: =YEAR(B44) -> 2011 | AC44: =TEXT(B44, "mmmm") -> January | AD44: =LEN(TEXT(B44, "YYYY-MM-DD")) -> 10 | AE44: =LEFT(TEXT(B44, "YYYY-MM-DD"), 4) -> 2011 | AF44: =RIGHT(TEXT(B44, "YYYY-MM-DD"), 2) -> 02
A45: 41 | B45: 2011-01-02 | C45: 1 | D45: =VLOOKUP(C45, Lookups_Metadata!$A$4:$B$7, 2, FALSE()) -> Spring | E45: 0 | F45: 1 | G45: 17 | H45: =FALSE() -> FALSE | I45: 0 | J45: =INDEX(Lookups_Metadata!$E$4:$E$10, MATCH(I45, Lookups_Metadata!$D$4:$D$10, 0)) -> Sunday | K45: =IF(H45=TRUE(), "Holiday", IF(OR(I45=0, I45=6), "Weekend", "Weekday")) -> Weekend | L45: =IF(AND(K45="Weekday", OR(AND(G45>=7, G45<=9), AND(G45>=17, G45<=19))), "Peak Commute", "Off-Peak") -> Off-Peak | M45: 1 | N45: =VLOOKUP(M45, Lookups_Metadata!$G$4:$H$7, 2, FALSE()) -> Clear / Few Clouds | O45: 0.34 | P45: 0.3333 | Q45: =IF(OR(P45="", ISBLANK(P45)), ROUND(0.9367*O45+0.0175, 4), P45) -> 0.3333 | R45: =IF(OR(P45="", ISBLANK(P45)), "Imputed (Regression/Trend)", "Original") -> Original | S45: 0.57 | T45: 0.194 | U45: 7 | V45: 58 | W45: =U45+V45 -> 65 | X45: =U45/W45 -> 0.10769231 | Y45: =V45/W45 -> 0.89230769 | Z45: =IF(W45>=150, "High Demand", IF(W45>=50, "Moderate Demand", "Low Demand")) -> Moderate Demand | AA45: =TEXT(G45, "00") & ":00" -> 17:00 | AB45: =YEAR(B45) -> 2011 | AC45: =TEXT(B45, "mmmm") -> January | AD45: =LEN(TEXT(B45, "YYYY-MM-DD")) -> 10 | AE45: =LEFT(TEXT(B45, "YYYY-MM-DD"), 4) -> 2011 | AF45: =RIGHT(TEXT(B45, "YYYY-MM-DD"), 2) -> 02
A46: 42 | B46: 2011-01-02 | C46: 1 | D46: =VLOOKUP(C46, Lookups_Metadata!$A$4:$B$7, 2, FALSE()) -> Spring | E46: 0 | F46: 1 | G46: 18 | H46: =FALSE() -> FALSE | I46: 0 | J46: =INDEX(Lookups_Metadata!$E$4:$E$10, MATCH(I46, Lookups_Metadata!$D$4:$D$10, 0)) -> Sunday | K46: =IF(H46=TRUE(), "Holiday", IF(OR(I46=0, I46=6), "Weekend", "Weekday")) -> Weekend | L46: =IF(AND(K46="Weekday", OR(AND(G46>=7, G46<=9), AND(G46>=17, G46<=19))), "Peak Commute", "Off-Peak") -> Off-Peak | M46: 2 | N46: =VLOOKUP(M46, Lookups_Metadata!$G$4:$H$7, 2, FALSE()) -> Mist / Cloudy | O46: 0.36 | P46: 0.3333 | Q46: =IF(OR(P46="", ISBLANK(P46)), ROUND(0.9367*O46+0.0175, 4), P46) -> 0.3333 | R46: =IF(OR(P46="", ISBLANK(P46)), "Imputed (Regression/Trend)", "Original") -> Original | S46: 0.46 | T46: 0.3284 | U46: 10 | V46: 43 | W46: =U46+V46 -> 53 | X46: =U46/W46 -> 0.18867925 | Y46: =V46/W46 -> 0.81132075 | Z46: =IF(W46>=150, "High Demand", IF(W46>=50, "Moderate Demand", "Low Demand")) -> Moderate Demand | AA46: =TEXT(G46, "00") & ":00" -> 18:00 | AB46: =YEAR(B46) -> 2011 | AC46: =TEXT(B46, "mmmm") -> January | AD46: =LEN(TEXT(B46, "YYYY-MM-DD")) -> 10 | AE46: =LEFT(TEXT(B46, "YYYY-MM-DD"), 4) -> 2011 | AF46: =RIGHT(TEXT(B46, "YYYY-MM-DD"), 2) -> 02
A47: 43 | B47: 2011-01-02 | C47: 1 | D47: =VLOOKUP(C47, Lookups_Metadata!$A$4:$B$7, 2, FALSE()) -> Spring | E47: 0 | F47: 1 | G47: 19 | H47: =FALSE() -> FALSE | I47: 0 | J47: =INDEX(Lookups_Metadata!$E$4:$E$10, MATCH(I47, Lookups_Metadata!$D$4:$D$10, 0)) -> Sunday | K47: =IF(H47=TRUE(), "Holiday", IF(OR(I47=0, I47=6), "Weekend", "Weekday")) -> Weekend | L47: =IF(AND(K47="Weekday", OR(AND(G47>=7, G47<=9), AND(G47>=17, G47<=19))), "Peak Commute", "Off-Peak") -> Off-Peak | M47: 1 | N47: =VLOOKUP(M47, Lookups_Metadata!$G$4:$H$7, 2, FALSE()) -> Clear / Few Clouds | O47: 0.32 | P47: 0.2879 | Q47: =IF(OR(P47="", ISBLANK(P47)), ROUND(0.9367*O47+0.0175, 4), P47) -> 0.2879 | R47: =IF(OR(P47="", ISBLANK(P47)), "Imputed (Regression/Trend)", "Original") -> Original | S47: 0.42 | T47: 0.4478 | U47: 1 | V47: 29 | W47: =U47+V47 -> 30 | X47: =U47/W47 -> 0.033333333 | Y47: =V47/W47 -> 0.96666667 | Z47: =IF(W47>=150, "High Demand", IF(W47>=50, "Moderate Demand", "Low Demand")) -> Low Demand | AA47: =TEXT(G47, "00") & ":00" -> 19:00 | AB47: =YEAR(B47) -> 2011 | AC47: =TEXT(B47, "mmmm") -> January | AD47: =LEN(TEXT(B47, "YYYY-MM-DD")) -> 10 | AE47: =LEFT(TEXT(B47, "YYYY-MM-DD"), 4) -> 2011 | AF47: =RIGHT(TEXT(B47, "YYYY-MM-DD"), 2) -> 02
A48: 44 | B48: 2011-01-02 | C48: 1 | D48: =VLOOKUP(C48, Lookups_Metadata!$A$4:$B$7, 2, FALSE()) -> Spring | E48: 0 | F48: 1 | G48: 20 | H48: =FALSE() -> FALSE | I48: 0 | J48: =INDEX(Lookups_Metadata!$E$4:$E$10, MATCH(I48, Lookups_Metadata!$D$4:$D$10, 0)) -> Sunday | K48: =IF(H48=TRUE(), "Holiday", IF(OR(I48=0, I48=6), "Weekend", "Weekday")) -> Weekend | L48: =IF(AND(K48="Weekday", OR(AND(G48>=7, G48<=9), AND(G48>=17, G48<=19))), "Peak Commute", "Off-Peak") -> Off-Peak | M48: 1 | N48: =VLOOKUP(M48, Lookups_Metadata!$G$4:$H$7, 2, FALSE()) -> Clear / Few Clouds | O48: 0.3 | Q48: =IF(OR(P48="", ISBLANK(P48)), ROUND(0.9367*O48+0.0175, 4), P48) -> 0.2985 | R48: =IF(OR(P48="", ISBLANK(P48)), "Imputed (Regression/Trend)", "Original") -> Imputed (Regression/Trend) | S48: 0.39 | T48: 0.3582 | U48: 5 | V48: 17 | W48: =U48+V48 -> 22 | X48: =U48/W48 -> 0.22727273 | Y48: =V48/W48 -> 0.77272727 | Z48: =IF(W48>=150, "High Demand", IF(W48>=50, "Moderate Demand", "Low Demand")) -> Low Demand | AA48: =TEXT(G48, "00") & ":00" -> 20:00 | AB48: =YEAR(B48) -> 2011 | AC48: =TEXT(B48, "mmmm") -> January | AD48: =LEN(TEXT(B48, "YYYY-MM-DD")) -> 10 | AE48: =LEFT(TEXT(B48, "YYYY-MM-DD"), 4) -> 2011 | AF48: =RIGHT(TEXT(B48, "YYYY-MM-DD"), 2) -> 02
A49: 45 | B49: 2011-01-02 | C49: 1 | D49: =VLOOKUP(C49, Lookups_Metadata!$A$4:$B$7, 2, FALSE()) -> Spring | E49: 0 | F49: 1 | G49: 21 | H49: =FALSE() -> FALSE | I49: 0 | J49: =INDEX(Lookups_Metadata!$E$4:$E$10, MATCH(I49, Lookups_Metadata!$D$4:$D$10, 0)) -> Sunday | K49: =IF(H49=TRUE(), "Holiday", IF(OR(I49=0, I49=6), "Weekend", "Weekday")) -> Weekend | L49: =IF(AND(K49="Weekday", OR(AND(G49>=7, G49<=9), AND(G49>=17, G49<=19))), "Peak Commute", "Off-Peak") -> Off-Peak | M49: 1 | N49: =VLOOKUP(M49, Lookups_Metadata!$G$4:$H$7, 2, FALSE()) -> Clear / Few Clouds | O49: 0.26 | P49: 0.2273 | Q49: =IF(OR(P49="", ISBLANK(P49)), ROUND(0.9367*O49+0.0175, 4), P49) -> 0.2273 | R49: =IF(OR(P49="", ISBLANK(P49)), "Imputed (Regression/Trend)", "Original") -> Original | S49: 0.44 | T49: 0.3284 | U49: 11 | V49: 20 | W49: =U49+V49 -> 31 | X49: =U49/W49 -> 0.35483871 | Y49: =V49/W49 -> 0.64516129 | Z49: =IF(W49>=150, "High Demand", IF(W49>=50, "Moderate Demand", "Low Demand")) -> Low Demand | AA49: =TEXT(G49, "00") & ":00" -> 21:00 | AB49: =YEAR(B49) -> 2011 | AC49: =TEXT(B49, "mmmm") -> January | AD49: =LEN(TEXT(B49, "YYYY-MM-DD")) -> 10 | AE49: =LEFT(TEXT(B49, "YYYY-MM-DD"), 4) -> 2011 | AF49: =RIGHT(TEXT(B49, "YYYY-MM-DD"), 2) -> 02
A50: 46 | B50: 2011-01-02 | C50: 1 | D50: =VLOOKUP(C50, Lookups_Metadata!$A$4:$B$7, 2, FALSE()) -> Spring | E50: 0 | F50: 1 | G50: 22 | H50: =FALSE() -> FALSE | I50: 0 | J50: =INDEX(Lookups_Metadata!$E$4:$E$10, MATCH(I50, Lookups_Metadata!$D$4:$D$10, 0)) -> Sunday | K50: =IF(H50=TRUE(), "Holiday", IF(OR(I50=0, I50=6), "Weekend", "Weekday")) -> Weekend | L50: =IF(AND(K50="Weekday", OR(AND(G50>=7, G50<=9), AND(G50>=17, G50<=19))), "Peak Commute", "Off-Peak") -> Off-Peak | M50: 1 | N50: =VLOOKUP(M50, Lookups_Metadata!$G$4:$H$7, 2, FALSE()) -> Clear / Few Clouds | O50: 0.24 | P50: 0.2121 | Q50: =IF(OR(P50="", ISBLANK(P50)), ROUND(0.9367*O50+0.0175, 4), P50) -> 0.2121 | R50: =IF(OR(P50="", ISBLANK(P50)), "Imputed (Regression/Trend)", "Original") -> Original | S50: 0.44 | T50: 0.2985 | U50: 0 | V50: 9 | W50: =U50+V50 -> 9 | X50: =U50/W50 -> 0 | Y50: =V50/W50 -> 1 | Z50: =IF(W50>=150, "High Demand", IF(W50>=50, "Moderate Demand", "Low Demand")) -> Low Demand | AA50: =TEXT(G50, "00") & ":00" -> 22:00 | AB50: =YEAR(B50) -> 2011 | AC50: =TEXT(B50, "mmmm") -> January | AD50: =LEN(TEXT(B50, "YYYY-MM-DD")) -> 10 | AE50: =LEFT(TEXT(B50, "YYYY-MM-DD"), 4) -> 2011 | AF50: =RIGHT(TEXT(B50, "YYYY-MM-DD"), 2) -> 02
A51: 47 | B51: 2011-01-02 | C51: 1 | D51: =VLOOKUP(C51, Lookups_Metadata!$A$4:$B$7, 2, FALSE()) -> Spring | E51: 0 | F51: 1 | G51: 23 | H51: =FALSE() -> FALSE | I51: 0 | J51: =INDEX(Lookups_Metadata!$E$4:$E$10, MATCH(I51, Lookups_Metadata!$D$4:$D$10, 0)) -> Sunday | K51: =IF(H51=TRUE(), "Holiday", IF(OR(I51=0, I51=6), "Weekend", "Weekday")) -> Weekend | L51: =IF(AND(K51="Weekday", OR(AND(G51>=7, G51<=9), AND(G51>=17, G51<=19))), "Peak Commute", "Off-Peak") -> Off-Peak | M51: 1 | N51: =VLOOKUP(M51, Lookups_Metadata!$G$4:$H$7, 2, FALSE()) -> Clear / Few Clouds | O51: 0.22 | P51: 0.2273 | Q51: =IF(OR(P51="", ISBLANK(P51)), ROUND(0.9367*O51+0.0175, 4), P51) -> 0.2273 | R51: =IF(OR(P51="", ISBLANK(P51)), "Imputed (Regression/Trend)", "Original") -> Original | S51: 0.47 | T51: 0.1642 | U51: 0 | V51: 8 | W51: =U51+V51 -> 8 | X51: =U51/W51 -> 0 | Y51: =V51/W51 -> 1 | Z51: =IF(W51>=150, "High Demand", IF(W51>=50, "Moderate Demand", "Low Demand")) -> Low Demand | AA51: =TEXT(G51, "00") & ":00" -> 23:00 | AB51: =YEAR(B51) -> 2011 | AC51: =TEXT(B51, "mmmm") -> January | AD51: =LEN(TEXT(B51, "YYYY-MM-DD")) -> 10 | AE51: =LEFT(TEXT(B51, "YYYY-MM-DD"), 4) -> 2011 | AF51: =RIGHT(TEXT(B51, "YYYY-MM-DD"), 2) -> 02
A52: 48 | B52: 2011-01-03 | C52: 1 | D52: =VLOOKUP(C52, Lookups_Metadata!$A$4:$B$7, 2, FALSE()) -> Spring | E52: 0 | F52: 1 | G52: 0 | H52: =FALSE() -> FALSE | I52: 1 | J52: =INDEX(Lookups_Metadata!$E$4:$E$10, MATCH(I52, Lookups_Metadata!$D$4:$D$10, 0)) -> Monday | K52: =IF(H52=TRUE(), "Holiday", IF(OR(I52=0, I52=6), "Weekend", "Weekday")) -> Weekday | L52: =IF(AND(K52="Weekday", OR(AND(G52>=7, G52<=9), AND(G52>=17, G52<=19))), "Peak Commute", "Off-Peak") -> Off-Peak | M52: 1 | N52: =VLOOKUP(M52, Lookups_Metadata!$G$4:$H$7, 2, FALSE()) -> Clear / Few Clouds | O52: 0.22 | P52: 0.197 | Q52: =IF(OR(P52="", ISBLANK(P52)), ROUND(0.9367*O52+0.0175, 4), P52) -> 0.197 | R52: =IF(OR(P52="", ISBLANK(P52)), "Imputed (Regression/Trend)", "Original") -> Original | S52: 0.44 | T52: 0.3582 | U52: 0 | V52: 5 | W52: =U52+V52 -> 5 | X52: =U52/W52 -> 0 | Y52: =V52/W52 -> 1 | Z52: =IF(W52>=150, "High Demand", IF(W52>=50, "Moderate Demand", "Low Demand")) -> Low Demand | AA52: =TEXT(G52, "00") & ":00" -> 00:00 | AB52: =YEAR(B52) -> 2011 | AC52: =TEXT(B52, "mmmm") -> January | AD52: =LEN(TEXT(B52, "YYYY-MM-DD")) -> 10 | AE52: =LEFT(TEXT(B52, "YYYY-MM-DD"), 4) -> 2011 | AF52: =RIGHT(TEXT(B52, "YYYY-MM-DD"), 2) -> 03
A53: 49 | B53: 2011-01-03 | C53: 1 | D53: =VLOOKUP(C53, Lookups_Metadata!$A$4:$B$7, 2, FALSE()) -> Spring | E53: 0 | F53: 1 | G53: 1 | H53: =FALSE() -> FALSE | I53: 1 | J53: =INDEX(Lookups_Metadata!$E$4:$E$10, MATCH(I53, Lookups_Metadata!$D$4:$D$10, 0)) -> Monday | K53: =IF(H53=TRUE(), "Holiday", IF(OR(I53=0, I53=6), "Weekend", "Weekday")) -> Weekday | L53: =IF(AND(K53="Weekday", OR(AND(G53>=7, G53<=9), AND(G53>=17, G53<=19))), "Peak Commute", "Off-Peak") -> Off-Peak | M53: 1 | N53: =VLOOKUP(M53, Lookups_Metadata!$G$4:$H$7, 2, FALSE()) -> Clear / Few Clouds | O53: 0.2 | Q53: =IF(OR(P53="", ISBLANK(P53)), ROUND(0.9367*O53+0.0175, 4), P53) -> 0.2048 | R53: =IF(OR(P53="", ISBLANK(P53)), "Imputed (Regression/Trend)", "Original") -> Imputed (Regression/Trend) | S53: 0.44 | T53: 0.4179 | U53: 0 | V53: 2 | W53: =U53+V53 -> 2 | X53: =U53/W53 -> 0 | Y53: =V53/W53 -> 1 | Z53: =IF(W53>=150, "High Demand", IF(W53>=50, "Moderate Demand", "Low Demand")) -> Low Demand | AA53: =TEXT(G53, "00") & ":00" -> 01:00 | AB53: =YEAR(B53) -> 2011 | AC53: =TEXT(B53, "mmmm") -> January | AD53: =LEN(TEXT(B53, "YYYY-MM-DD")) -> 10 | AE53: =LEFT(TEXT(B53, "YYYY-MM-DD"), 4) -> 2011 | AF53: =RIGHT(TEXT(B53, "YYYY-MM-DD"), 2) -> 03
A54: 50 | B54: 2011-01-03 | C54: 1 | D54: =VLOOKUP(C54, Lookups_Metadata!$A$4:$B$7, 2, FALSE()) -> Spring | E54: 0 | F54: 1 | G54: 4 | H54: =FALSE() -> FALSE | I54: 1 | J54: =INDEX(Lookups_Metadata!$E$4:$E$10, MATCH(I54, Lookups_Metadata!$D$4:$D$10, 0)) -> Monday | K54: =IF(H54=TRUE(), "Holiday", IF(OR(I54=0, I54=6), "Weekend", "Weekday")) -> Weekday | L54: =IF(AND(K54="Weekday", OR(AND(G54>=7, G54<=9), AND(G54>=17, G54<=19))), "Peak Commute", "Off-Peak") -> Off-Peak | M54: 1 | N54: =VLOOKUP(M54, Lookups_Metadata!$G$4:$H$7, 2, FALSE()) -> Clear / Few Clouds | O54: 0.16 | P54: 0.1364 | Q54: =IF(OR(P54="", ISBLANK(P54)), ROUND(0.9367*O54+0.0175, 4), P54) -> 0.1364 | R54: =IF(OR(P54="", ISBLANK(P54)), "Imputed (Regression/Trend)", "Original") -> Original | S54: 0.47 | T54: 0.3881 | U54: 0 | V54: 1 | W54: =U54+V54 -> 1 | X54: =U54/W54 -> 0 | Y54: =V54/W54 -> 1 | Z54: =IF(W54>=150, "High Demand", IF(W54>=50, "Moderate Demand", "Low Demand")) -> Low Demand | AA54: =TEXT(G54, "00") & ":00" -> 04:00 | AB54: =YEAR(B54) -> 2011 | AC54: =TEXT(B54, "mmmm") -> January | AD54: =LEN(TEXT(B54, "YYYY-MM-DD")) -> 10 | AE54: =LEFT(TEXT(B54, "YYYY-MM-DD"), 4) -> 2011 | AF54: =RIGHT(TEXT(B54, "YYYY-MM-DD"), 2) -> 03
A55: 51 | B55: 2011-01-03 | C55: 1 | D55: =VLOOKUP(C55, Lookups_Metadata!$A$4:$B$7, 2, FALSE()) -> Spring | E55: 0 | F55: 1 | G55: 5 | H55: =FALSE() -> FALSE | I55: 1 | J55: =INDEX(Lookups_Metadata!$E$4:$E$10, MATCH(I55, Lookups_Metadata!$D$4:$D$10, 0)) -> Monday | K55: =IF(H55=TRUE(), "Holiday", IF(OR(I55=0, I55=6), "Weekend", "Weekday")) -> Weekday | L55: =IF(AND(K55="Weekday", OR(AND(G55>=7, G55<=9), AND(G55>=17, G55<=19))), "Peak Commute", "Off-Peak") -> Off-Peak | M55: 1 | N55: =VLOOKUP(M55, Lookups_Metadata!$G$4:$H$7, 2, FALSE()) -> Clear / Few Clouds | O55: 0.16 | P55: 0.1364 | Q55: =IF(OR(P55="", ISBLANK(P55)), ROUND(0.9367*O55+0.0175, 4), P55) -> 0.1364 | R55: =IF(OR(P55="", ISBLANK(P55)), "Imputed (Regression/Trend)", "Original") -> Original | S55: 0.47 | T55: 0.2836 | U55: 0 | V55: 3 | W55: =U55+V55 -> 3 | X55: =U55/W55 -> 0 | Y55: =V55/W55 -> 1 | Z55: =IF(W55>=150, "High Demand", IF(W55>=50, "Moderate Demand", "Low Demand")) -> Low Demand | AA55: =TEXT(G55, "00") & ":00" -> 05:00 | AB55: =YEAR(B55) -> 2011 | AC55: =TEXT(B55, "mmmm") -> January | AD55: =LEN(TEXT(B55, "YYYY-MM-DD")) -> 10 | AE55: =LEFT(TEXT(B55, "YYYY-MM-DD"), 4) -> 2011 | AF55: =RIGHT(TEXT(B55, "YYYY-MM-DD"), 2) -> 03
A56: 52 | B56: 2011-01-03 | C56: 1 | D56: =VLOOKUP(C56, Lookups_Metadata!$A$4:$B$7, 2, FALSE()) -> Spring | E56: 0 | F56: 1 | G56: 6 | H56: =FALSE() -> FALSE | I56: 1 | J56: =INDEX(Lookups_Metadata!$E$4:$E$10, MATCH(I56, Lookups_Metadata!$D$4:$D$10, 0)) -> Monday | K56: =IF(H56=TRUE(), "Holiday", IF(OR(I56=0, I56=6), "Weekend", "Weekday")) -> Weekday | L56: =IF(AND(K56="Weekday", OR(AND(G56>=7, G56<=9), AND(G56>=17, G56<=19))), "Peak Commute", "Off-Peak") -> Off-Peak | M56: 1 | N56: =VLOOKUP(M56, Lookups_Metadata!$G$4:$H$7, 2, FALSE()) -> Clear / Few Clouds | O56: 0.14 | P56: 0.1061 | Q56: =IF(OR(P56="", ISBLANK(P56)), ROUND(0.9367*O56+0.0175, 4), P56) -> 0.1061 | R56: =IF(OR(P56="", ISBLANK(P56)), "Imputed (Regression/Trend)", "Original") -> Original | S56: 0.5 | T56: 0.3881 | U56: 0 | V56: 30 | W56: =U56+V56 -> 30 | X56: =U56/W56 -> 0 | Y56: =V56/W56 -> 1 | Z56: =IF(W56>=150, "High Demand", IF(W56>=50, "Moderate Demand", "Low Demand")) -> Low Demand | AA56: =TEXT(G56, "00") & ":00" -> 06:00 | AB56: =YEAR(B56) -> 2011 | AC56: =TEXT(B56, "mmmm") -> January | AD56: =LEN(TEXT(B56, "YYYY-MM-DD")) -> 10 | AE56: =LEFT(TEXT(B56, "YYYY-MM-DD"), 4) -> 2011 | AF56: =RIGHT(TEXT(B56, "YYYY-MM-DD"), 2) -> 03
A57: 53 | B57: 2011-01-03 | C57: 1 | D57: =VLOOKUP(C57, Lookups_Metadata!$A$4:$B$7, 2, FALSE()) -> Spring | E57: 0 | F57: 1 | G57: 7 | H57: =FALSE() -> FALSE | I57: 1 | J57: =INDEX(Lookups_Metadata!$E$4:$E$10, MATCH(I57, Lookups_Metadata!$D$4:$D$10, 0)) -> Monday | K57: =IF(H57=TRUE(), "Holiday", IF(OR(I57=0, I57=6), "Weekend", "Weekday")) -> Weekday | L57: =IF(AND(K57="Weekday", OR(AND(G57>=7, G57<=9), AND(G57>=17, G57<=19))), "Peak Commute", "Off-Peak") -> Peak Commute | M57: 1 | N57: =VLOOKUP(M57, Lookups_Metadata!$G$4:$H$7, 2, FALSE()) -> Clear / Few Clouds | O57: 0.14 | P57: 0.1364 | Q57: =IF(OR(P57="", ISBLANK(P57)), ROUND(0.9367*O57+0.0175, 4), P57) -> 0.1364 | R57: =IF(OR(P57="", ISBLANK(P57)), "Imputed (Regression/Trend)", "Original") -> Original | S57: 0.5 | T57: 0.194 | U57: 1 | V57: 63 | W57: =U57+V57 -> 64 | X57: =U57/W57 -> 0.015625 | Y57: =V57/W57 -> 0.984375 | Z57: =IF(W57>=150, "High Demand", IF(W57>=50, "Moderate Demand", "Low Demand")) -> Moderate Demand | AA57: =TEXT(G57, "00") & ":00" -> 07:00 | AB57: =YEAR(B57) -> 2011 | AC57: =TEXT(B57, "mmmm") -> January | AD57: =LEN(TEXT(B57, "YYYY-MM-DD")) -> 10 | AE57: =LEFT(TEXT(B57, "YYYY-MM-DD"), 4) -> 2011 | AF57: =RIGHT(TEXT(B57, "YYYY-MM-DD"), 2) -> 03
A58: 54 | B58: 2011-01-03 | C58: 1 | D58: =VLOOKUP(C58, Lookups_Metadata!$A$4:$B$7, 2, FALSE()) -> Spring | E58: 0 | F58: 1 | G58: 8 | H58: =FALSE() -> FALSE | I58: 1 | J58: =INDEX(Lookups_Metadata!$E$4:$E$10, MATCH(I58, Lookups_Metadata!$D$4:$D$10, 0)) -> Monday | K58: =IF(H58=TRUE(), "Holiday", IF(OR(I58=0, I58=6), "Weekend", "Weekday")) -> Weekday | L58: =IF(AND(K58="Weekday", OR(AND(G58>=7, G58<=9), AND(G58>=17, G58<=19))), "Peak Commute", "Off-Peak") -> Peak Commute | M58: 1 | N58: =VLOOKUP(M58, Lookups_Metadata!$G$4:$H$7, 2, FALSE()) -> Clear / Few Clouds | O58: 0.14 | P58: 0.1212 | Q58: =IF(OR(P58="", ISBLANK(P58)), ROUND(0.9367*O58+0.0175, 4), P58) -> 0.1212 | R58: =IF(OR(P58="", ISBLANK(P58)), "Imputed (Regression/Trend)", "Original") -> Original | S58: 0.5 | T58: 0.2836 | U58: 1 | V58: 153 | W58: =U58+V58 -> 154 | X58: =U58/W58 -> 0.0064935065 | Y58: =V58/W58 -> 0.99350649 | Z58: =IF(W58>=150, "High Demand", IF(W58>=50, "Moderate Demand", "Low Demand")) -> High Demand | AA58: =TEXT(G58, "00") & ":00" -> 08:00 | AB58: =YEAR(B58) -> 2011 | AC58: =TEXT(B58, "mmmm") -> January | AD58: =LEN(TEXT(B58, "YYYY-MM-DD")) -> 10 | AE58: =LEFT(TEXT(B58, "YYYY-MM-DD"), 4) -> 2011 | AF58: =RIGHT(TEXT(B58, "YYYY-MM-DD"), 2) -> 03
A59: 55 | B59: 2011-01-03 | C59: 1 | D59: =VLOOKUP(C59, Lookups_Metadata!$A$4:$B$7, 2, FALSE()) -> Spring | E59: 0 | F59: 1 | G59: 9 | H59: =FALSE() -> FALSE | I59: 1 | J59: =INDEX(Lookups_Metadata!$E$4:$E$10, MATCH(I59, Lookups_Metadata!$D$4:$D$10, 0)) -> Monday | K59: =IF(H59=TRUE(), "Holiday", IF(OR(I59=0, I59=6), "Weekend", "Weekday")) -> Weekday | L59: =IF(AND(K59="Weekday", OR(AND(G59>=7, G59<=9), AND(G59>=17, G59<=19))), "Peak Commute", "Off-Peak") -> Peak Commute | M59: 1 | N59: =VLOOKUP(M59, Lookups_Metadata!$G$4:$H$7, 2, FALSE()) -> Clear / Few Clouds | O59: 0.16 | P59: 0.1364 | Q59: =IF(OR(P59="", ISBLANK(P59)), ROUND(0.9367*O59+0.0175, 4), P59) -> 0.1364 | R59: =IF(OR(P59="", ISBLANK(P59)), "Imputed (Regression/Trend)", "Original") -> Original | S59: 0.43 | T59: 0.3881 | U59: 7 | V59: 81 | W59: =U59+V59 -> 88 | X59: =U59/W59 -> 0.079545455 | Y59: =V59/W59 -> 0.92045455 | Z59: =IF(W59>=150, "High Demand", IF(W59>=50, "Moderate Demand", "Low Demand")) -> Moderate Demand | AA59: =TEXT(G59, "00") & ":00" -> 09:00 | AB59: =YEAR(B59) -> 2011 | AC59: =TEXT(B59, "mmmm") -> January | AD59: =LEN(TEXT(B59, "YYYY-MM-DD")) -> 10 | AE59: =LEFT(TEXT(B59, "YYYY-MM-DD"), 4) -> 2011 | AF59: =RIGHT(TEXT(B59, "YYYY-MM-DD"), 2) -> 03
A60: 56 | B60: 2011-01-03 | C60: 1 | D60: =VLOOKUP(C60, Lookups_Metadata!$A$4:$B$7, 2, FALSE()) -> Spring | E60: 0 | F60: 1 | G60: 10 | H60: =FALSE() -> FALSE | I60: 1 | J60: =INDEX(Lookups_Metadata!$E$4:$E$10, MATCH(I60, Lookups_Metadata!$D$4:$D$10, 0)) -> Monday | K60: =IF(H60=TRUE(), "Holiday", IF(OR(I60=0, I60=6), "Weekend", "Weekday")) -> Weekday | L60: =IF(AND(K60="Weekday", OR(AND(G60>=7, G60<=9), AND(G60>=17, G60<=19))), "Peak Commute", "Off-Peak") -> Off-Peak | M60: 1 | N60: =VLOOKUP(M60, Lookups_Metadata!$G$4:$H$7, 2, FALSE()) -> Clear / Few Clouds | O60: 0.18 | P60: 0.1667 | Q60: =IF(OR(P60="", ISBLANK(P60)), ROUND(0.9367*O60+0.0175, 4), P60) -> 0.1667 | R60: =IF(OR(P60="", ISBLANK(P60)), "Imputed (Regression/Trend)", "Original") -> Original | S60: 0.43 | T60: 0.2537 | U60: 11 | V60: 33 | W60: =U60+V60 -> 44 | X60: =U60/W60 -> 0.25 | Y60: =V60/W60 -> 0.75 | Z60: =IF(W60>=150, "High Demand", IF(W60>=50, "Moderate Demand", "Low Demand")) -> Low Demand | AA60: =TEXT(G60, "00") & ":00" -> 10:00 | AB60: =YEAR(B60) -> 2011 | AC60: =TEXT(B60, "mmmm") -> January | AD60: =LEN(TEXT(B60, "YYYY-MM-DD")) -> 10 | AE60: =LEFT(TEXT(B60, "YYYY-MM-DD"), 4) -> 2011 | AF60: =RIGHT(TEXT(B60, "YYYY-MM-DD"), 2) -> 03
A61: 57 | B61: 2011-01-03 | C61: 1 | D61: =VLOOKUP(C61, Lookups_Metadata!$A$4:$B$7, 2, FALSE()) -> Spring | E61: 0 | F61: 1 | G61: 11 | H61: =FALSE() -> FALSE | I61: 1 | J61: =INDEX(Lookups_Metadata!$E$4:$E$10, MATCH(I61, Lookups_Metadata!$D$4:$D$10, 0)) -> Monday | K61: =IF(H61=TRUE(), "Holiday", IF(OR(I61=0, I61=6), "Weekend", "Weekday")) -> Weekday | L61: =IF(AND(K61="Weekday", OR(AND(G61>=7, G61<=9), AND(G61>=17, G61<=19))), "Peak Commute", "Off-Peak") -> Off-Peak | M61: 1 | N61: =VLOOKUP(M61, Lookups_Metadata!$G$4:$H$7, 2, FALSE()) -> Clear / Few Clouds | O61: 0.2 | P61: 0.1818 | Q61: =IF(OR(P61="", ISBLANK(P61)), ROUND(0.9367*O61+0.0175, 4), P61) -> 0.1818 | R61: =IF(OR(P61="", ISBLANK(P61)), "Imputed (Regression/Trend)", "Original") -> Original | S61: 0.4 | T61: 0.3284 | U61: 10 | V61: 41 | W61: =U61+V61 -> 51 | X61: =U61/W61 -> 0.19607843 | Y61: =V61/W61 -> 0.80392157 | Z61: =IF(W61>=150, "High Demand", IF(W61>=50, "Moderate Demand", "Low Demand")) -> Moderate Demand | AA61: =TEXT(G61, "00") & ":00" -> 11:00 | AB61: =YEAR(B61) -> 2011 | AC61: =TEXT(B61, "mmmm") -> January | AD61: =LEN(TEXT(B61, "YYYY-MM-DD")) -> 10 | AE61: =LEFT(TEXT(B61, "YYYY-MM-DD"), 4) -> 2011 | AF61: =RIGHT(TEXT(B61, "YYYY-MM-DD"), 2) -> 03
A62: 58 | B62: 2011-01-03 | C62: 1 | D62: =VLOOKUP(C62, Lookups_Metadata!$A$4:$B$7, 2, FALSE()) -> Spring | E62: 0 | F62: 1 | G62: 12 | H62: =FALSE() -> FALSE | I62: 1 | J62: =INDEX(Lookups_Metadata!$E$4:$E$10, MATCH(I62, Lookups_Metadata!$D$4:$D$10, 0)) -> Monday | K62: =IF(H62=TRUE(), "Holiday", IF(OR(I62=0, I62=6), "Weekend", "Weekday")) -> Weekday | L62: =IF(AND(K62="Weekday", OR(AND(G62>=7, G62<=9), AND(G62>=17, G62<=19))), "Peak Commute", "Off-Peak") -> Off-Peak | M62: 1 | N62: =VLOOKUP(M62, Lookups_Metadata!$G$4:$H$7, 2, FALSE()) -> Clear / Few Clouds | O62: 0.22 | P62: 0.2121 | Q62: =IF(OR(P62="", ISBLANK(P62)), ROUND(0.9367*O62+0.0175, 4), P62) -> 0.2121 | R62: =IF(OR(P62="", ISBLANK(P62)), "Imputed (Regression/Trend)", "Original") -> Original | S62: 0.35 | T62: 0.2985 | U62: 13 | V62: 48 | W62: =U62+V62 -> 61 | X62: =U62/W62 -> 0.21311475 | Y62: =V62/W62 -> 0.78688525 | Z62: =IF(W62>=150, "High Demand", IF(W62>=50, "Moderate Demand", "Low Demand")) -> Moderate Demand | AA62: =TEXT(G62, "00") & ":00" -> 12:00 | AB62: =YEAR(B62) -> 2011 | AC62: =TEXT(B62, "mmmm") -> January | AD62: =LEN(TEXT(B62, "YYYY-MM-DD")) -> 10 | AE62: =LEFT(TEXT(B62, "YYYY-MM-DD"), 4) -> 2011 | AF62: =RIGHT(TEXT(B62, "YYYY-MM-DD"), 2) -> 03
A63: 59 | B63: 2011-01-03 | C63: 1 | D63: =VLOOKUP(C63, Lookups_Metadata!$A$4:$B$7, 2, FALSE()) -> Spring | E63: 0 | F63: 1 | G63: 13 | H63: =FALSE() -> FALSE | I63: 1 | J63: =INDEX(Lookups_Metadata!$E$4:$E$10, MATCH(I63, Lookups_Metadata!$D$4:$D$10, 0)) -> Monday | K63: =IF(H63=TRUE(), "Holiday", IF(OR(I63=0, I63=6), "Weekend", "Weekday")) -> Weekday | L63: =IF(AND(K63="Weekday", OR(AND(G63>=7, G63<=9), AND(G63>=17, G63<=19))), "Peak Commute", "Off-Peak") -> Off-Peak | M63: 1 | N63: =VLOOKUP(M63, Lookups_Metadata!$G$4:$H$7, 2, FALSE()) -> Clear / Few Clouds | O63: 0.24 | Q63: =IF(OR(P63="", ISBLANK(P63)), ROUND(0.9367*O63+0.0175, 4), P63) -> 0.2423 | R63: =IF(OR(P63="", ISBLANK(P63)), "Imputed (Regression/Trend)", "Original") -> Imputed (Regression/Trend) | S63: 0.35 | T63: 0.2836 | U63: 8 | V63: 53 | W63: =U63+V63 -> 61 | X63: =U63/W63 -> 0.13114754 | Y63: =V63/W63 -> 0.86885246 | Z63: =IF(W63>=150, "High Demand", IF(W63>=50, "Moderate Demand", "Low Demand")) -> Moderate Demand | AA63: =TEXT(G63, "00") & ":00" -> 13:00 | AB63: =YEAR(B63) -> 2011 | AC63: =TEXT(B63, "mmmm") -> January | AD63: =LEN(TEXT(B63, "YYYY-MM-DD")) -> 10 | AE63: =LEFT(TEXT(B63, "YYYY-MM-DD"), 4) -> 2011 | AF63: =RIGHT(TEXT(B63, "YYYY-MM-DD"), 2) -> 03
A64: 60 | B64: 2011-01-03 | C64: 1 | D64: =VLOOKUP(C64, Lookups_Metadata!$A$4:$B$7, 2, FALSE()) -> Spring | E64: 0 | F64: 1 | G64: 14 | H64: =FALSE() -> FALSE | I64: 1 | J64: =INDEX(Lookups_Metadata!$E$4:$E$10, MATCH(I64, Lookups_Metadata!$D$4:$D$10, 0)) -> Monday | K64: =IF(H64=TRUE(), "Holiday", IF(OR(I64=0, I64=6), "Weekend", "Weekday")) -> Weekday | L64: =IF(AND(K64="Weekday", OR(AND(G64>=7, G64<=9), AND(G64>=17, G64<=19))), "Peak Commute", "Off-Peak") -> Off-Peak | M64: 1 | N64: =VLOOKUP(M64, Lookups_Metadata!$G$4:$H$7, 2, FALSE()) -> Clear / Few Clouds | O64: 0.26 | P64: 0.2424 | Q64: =IF(OR(P64="", ISBLANK(P64)), ROUND(0.9367*O64+0.0175, 4), P64) -> 0.2424 | R64: =IF(OR(P64="", ISBLANK(P64)), "Imputed (Regression/Trend)", "Original") -> Original | S64: 0.3 | T64: 0.2836 | U64: 11 | V64: 66 | W64: =U64+V64 -> 77 | X64: =U64/W64 -> 0.14285714 | Y64: =V64/W64 -> 0.85714286 | Z64: =IF(W64>=150, "High Demand", IF(W64>=50, "Moderate Demand", "Low Demand")) -> Moderate Demand | AA64: =TEXT(G64, "00") & ":00" -> 14:00 | AB64: =YEAR(B64) -> 2011 | AC64: =TEXT(B64, "mmmm") -> January | AD64: =LEN(TEXT(B64, "YYYY-MM-DD")) -> 10 | AE64: =LEFT(TEXT(B64, "YYYY-MM-DD"), 4) -> 2011 | AF64: =RIGHT(TEXT(B64, "YYYY-MM-DD"), 2) -> 03
A65: 61 | B65: 2011-01-03 | C65: 1 | D65: =VLOOKUP(C65, Lookups_Metadata!$A$4:$B$7, 2, FALSE()) -> Spring | E65: 0 | F65: 1 | G65: 15 | H65: =FALSE() -> FALSE | I65: 1 | J65: =INDEX(Lookups_Metadata!$E$4:$E$10, MATCH(I65, Lookups_Metadata!$D$4:$D$10, 0)) -> Monday | K65: =IF(H65=TRUE(), "Holiday", IF(OR(I65=0, I65=6), "Weekend", "Weekday")) -> Weekday | L65: =IF(AND(K65="Weekday", OR(AND(G65>=7, G65<=9), AND(G65>=17, G65<=19))), "Peak Commute", "Off-Peak") -> Off-Peak | M65: 1 | N65: =VLOOKUP(M65, Lookups_Metadata!$G$4:$H$7, 2, FALSE()) -> Clear / Few Clouds | O65: 0.26 | P65: 0.2424 | Q65: =IF(OR(P65="", ISBLANK(P65)), ROUND(0.9367*O65+0.0175, 4), P65) -> 0.2424 | R65: =IF(OR(P65="", ISBLANK(P65)), "Imputed (Regression/Trend)", "Original") -> Original | S65: 0.3 | T65: 0.2537 | U65: 14 | V65: 58 | W65: =U65+V65 -> 72 | X65: =U65/W65 -> 0.19444444 | Y65: =V65/W65 -> 0.80555556 | Z65: =IF(W65>=150, "High Demand", IF(W65>=50, "Moderate Demand", "Low Demand")) -> Moderate Demand | AA65: =TEXT(G65, "00") & ":00" -> 15:00 | AB65: =YEAR(B65) -> 2011 | AC65: =TEXT(B65, "mmmm") -> January | AD65: =LEN(TEXT(B65, "YYYY-MM-DD")) -> 10 | AE65: =LEFT(TEXT(B65, "YYYY-MM-DD"), 4) -> 2011 | AF65: =RIGHT(TEXT(B65, "YYYY-MM-DD"), 2) -> 03
A66: 62 | B66: 2011-01-03 | C66: 1 | D66: =VLOOKUP(C66, Lookups_Metadata!$A$4:$B$7, 2, FALSE()) -> Spring | E66: 0 | F66: 1 | G66: 16 | H66: =FALSE() -> FALSE | I66: 1 | J66: =INDEX(Lookups_Metadata!$E$4:$E$10, MATCH(I66, Lookups_Metadata!$D$4:$D$10, 0)) -> Monday | K66: =IF(H66=TRUE(), "Holiday", IF(OR(I66=0, I66=6), "Weekend", "Weekday")) -> Weekday | L66: =IF(AND(K66="Weekday", OR(AND(G66>=7, G66<=9), AND(G66>=17, G66<=19))), "Peak Commute", "Off-Peak") -> Off-Peak | M66: 1 | N66: =VLOOKUP(M66, Lookups_Metadata!$G$4:$H$7, 2, FALSE()) -> Clear / Few Clouds | O66: 0.26 | P66: 0.2424 | Q66: =IF(OR(P66="", ISBLANK(P66)), ROUND(0.9367*O66+0.0175, 4), P66) -> 0.2424 | R66: =IF(OR(P66="", ISBLANK(P66)), "Imputed (Regression/Trend)", "Original") -> Original | S66: 0.3 | T66: 0.2537 | U66: 9 | V66: 67 | W66: =U66+V66 -> 76 | X66: =U66/W66 -> 0.11842105 | Y66: =V66/W66 -> 0.88157895 | Z66: =IF(W66>=150, "High Demand", IF(W66>=50, "Moderate Demand", "Low Demand")) -> Moderate Demand | AA66: =TEXT(G66, "00") & ":00" -> 16:00 | AB66: =YEAR(B66) -> 2011 | AC66: =TEXT(B66, "mmmm") -> January | AD66: =LEN(TEXT(B66, "YYYY-MM-DD")) -> 10 | AE66: =LEFT(TEXT(B66, "YYYY-MM-DD"), 4) -> 2011 | AF66: =RIGHT(TEXT(B66, "YYYY-MM-DD"), 2) -> 03
A67: 63 | B67: 2011-01-03 | C67: 1 | D67: =VLOOKUP(C67, Lookups_Metadata!$A$4:$B$7, 2, FALSE()) -> Spring | E67: 0 | F67: 1 | G67: 17 | H67: =FALSE() -> FALSE | I67: 1 | J67: =INDEX(Lookups_Metadata!$E$4:$E$10, MATCH(I67, Lookups_Metadata!$D$4:$D$10, 0)) -> Monday | K67: =IF(H67=TRUE(), "Holiday", IF(OR(I67=0, I67=6), "Weekend", "Weekday")) -> Weekday | L67: =IF(AND(K67="Weekday", OR(AND(G67>=7, G67<=9), AND(G67>=17, G67<=19))), "Peak Commute", "Off-Peak") -> Peak Commute | M67: 1 | N67: =VLOOKUP(M67, Lookups_Metadata!$G$4:$H$7, 2, FALSE()) -> Clear / Few Clouds | O67: 0.24 | P67: 0.2273 | Q67: =IF(OR(P67="", ISBLANK(P67)), ROUND(0.9367*O67+0.0175, 4), P67) -> 0.2273 | R67: =IF(OR(P67="", ISBLANK(P67)), "Imputed (Regression/Trend)", "Original") -> Original | S67: 0.3 | T67: 0.2239 | U67: 11 | V67: 146 | W67: =U67+V67 -> 157 | X67: =U67/W67 -> 0.070063694 | Y67: =V67/W67 -> 0.92993631 | Z67: =IF(W67>=150, "High Demand", IF(W67>=50, "Moderate Demand", "Low Demand")) -> High Demand | AA67: =TEXT(G67, "00") & ":00" -> 17:00 | AB67: =YEAR(B67) -> 2011 | AC67: =TEXT(B67, "mmmm") -> January | AD67: =LEN(TEXT(B67, "YYYY-MM-DD")) -> 10 | AE67: =LEFT(TEXT(B67, "YYYY-MM-DD"), 4) -> 2011 | AF67: =RIGHT(TEXT(B67, "YYYY-MM-DD"), 2) -> 03
A68: 64 | B68: 2011-01-03 | C68: 1 | D68: =VLOOKUP(C68, Lookups_Metadata!$A$4:$B$7, 2, FALSE()) -> Spring | E68: 0 | F68: 1 | G68: 18 | H68: =FALSE() -> FALSE | I68: 1 | J68: =INDEX(Lookups_Metadata!$E$4:$E$10, MATCH(I68, Lookups_Metadata!$D$4:$D$10, 0)) -> Monday | K68: =IF(H68=TRUE(), "Holiday", IF(OR(I68=0, I68=6), "Weekend", "Weekday")) -> Weekday | L68: =IF(AND(K68="Weekday", OR(AND(G68>=7, G68<=9), AND(G68>=17, G68<=19))), "Peak Commute", "Off-Peak") -> Peak Commute | M68: 1 | N68: =VLOOKUP(M68, Lookups_Metadata!$G$4:$H$7, 2, FALSE()) -> Clear / Few Clouds | O68: 0.24 | P68: 0.2576 | Q68: =IF(OR(P68="", ISBLANK(P68)), ROUND(0.9367*O68+0.0175, 4), P68) -> 0.2576 | R68: =IF(OR(P68="", ISBLANK(P68)), "Imputed (Regression/Trend)", "Original") -> Original | S68: 0.32 | T68: 0.1045 | U68: 9 | V68: 148 | W68: =U68+V68 -> 157 | X68: =U68/W68 -> 0.057324841 | Y68: =V68/W68 -> 0.94267516 | Z68: =IF(W68>=150, "High Demand", IF(W68>=50, "Moderate Demand", "Low Demand")) -> High Demand | AA68: =TEXT(G68, "00") & ":00" -> 18:00 | AB68: =YEAR(B68) -> 2011 | AC68: =TEXT(B68, "mmmm") -> January | AD68: =LEN(TEXT(B68, "YYYY-MM-DD")) -> 10 | AE68: =LEFT(TEXT(B68, "YYYY-MM-DD"), 4) -> 2011 | AF68: =RIGHT(TEXT(B68, "YYYY-MM-DD"), 2) -> 03
A69: 65 | B69: 2011-01-03 | C69: 1 | D69: =VLOOKUP(C69, Lookups_Metadata!$A$4:$B$7, 2, FALSE()) -> Spring | E69: 0 | F69: 1 | G69: 19 | H69: =FALSE() -> FALSE | I69: 1 | J69: =INDEX(Lookups_Metadata!$E$4:$E$10, MATCH(I69, Lookups_Metadata!$D$4:$D$10, 0)) -> Monday | K69: =IF(H69=TRUE(), "Holiday", IF(OR(I69=0, I69=6), "Weekend", "Weekday")) -> Weekday | L69: =IF(AND(K69="Weekday", OR(AND(G69>=7, G69<=9), AND(G69>=17, G69<=19))), "Peak Commute", "Off-Peak") -> Peak Commute | M69: 1 | N69: =VLOOKUP(M69, Lookups_Metadata!$G$4:$H$7, 2, FALSE()) -> Clear / Few Clouds | O69: 0.2 | P69: 0.2576 | Q69: =IF(OR(P69="", ISBLANK(P69)), ROUND(0.9367*O69+0.0175, 4), P69) -> 0.2576 | R69: =IF(OR(P69="", ISBLANK(P69)), "Imputed (Regression/Trend)", "Original") -> Original | S69: 0.47 | T69: 0 | U69: 8 | V69: 102 | W69: =U69+V69 -> 110 | X69: =U69/W69 -> 0.072727273 | Y69: =V69/W69 -> 0.92727273 | Z69: =IF(W69>=150, "High Demand", IF(W69>=50, "Moderate Demand", "Low Demand")) -> Moderate Demand | AA69: =TEXT(G69, "00") & ":00" -> 19:00 | AB69: =YEAR(B69) -> 2011 | AC69: =TEXT(B69, "mmmm") -> January | AD69: =LEN(TEXT(B69, "YYYY-MM-DD")) -> 10 | AE69: =LEFT(TEXT(B69, "YYYY-MM-DD"), 4) -> 2011 | AF69: =RIGHT(TEXT(B69, "YYYY-MM-DD"), 2) -> 03
A70: 66 | B70: 2011-01-03 | C70: 1 | D70: =VLOOKUP(C70, Lookups_Metadata!$A$4:$B$7, 2, FALSE()) -> Spring | E70: 0 | F70: 1 | G70: 20 | H70: =FALSE() -> FALSE | I70: 1 | J70: =INDEX(Lookups_Metadata!$E$4:$E$10, MATCH(I70, Lookups_Metadata!$D$4:$D$10, 0)) -> Monday | K70: =IF(H70=TRUE(), "Holiday", IF(OR(I70=0, I70=6), "Weekend", "Weekday")) -> Weekday | L70: =IF(AND(K70="Weekday", OR(AND(G70>=7, G70<=9), AND(G70>=17, G70<=19))), "Peak Commute", "Off-Peak") -> Off-Peak | M70: 1 | N70: =VLOOKUP(M70, Lookups_Metadata!$G$4:$H$7, 2, FALSE()) -> Clear / Few Clouds | O70: 0.2 | Q70: =IF(OR(P70="", ISBLANK(P70)), ROUND(0.9367*O70+0.0175, 4), P70) -> 0.2048 | R70: =IF(OR(P70="", ISBLANK(P70)), "Imputed (Regression/Trend)", "Original") -> Imputed (Regression/Trend) | S70: 0.47 | T70: 0.1045 | U70: 3 | V70: 49 | W70: =U70+V70 -> 52 | X70: =U70/W70 -> 0.057692308 | Y70: =V70/W70 -> 0.94230769 | Z70: =IF(W70>=150, "High Demand", IF(W70>=50, "Moderate Demand", "Low Demand")) -> Moderate Demand | AA70: =TEXT(G70, "00") & ":00" -> 20:00 | AB70: =YEAR(B70) -> 2011 | AC70: =TEXT(B70, "mmmm") -> January | AD70: =LEN(TEXT(B70, "YYYY-MM-DD")) -> 10 | AE70: =LEFT(TEXT(B70, "YYYY-MM-DD"), 4) -> 2011 | AF70: =RIGHT(TEXT(B70, "YYYY-MM-DD"), 2) -> 03
A71: 67 | B71: 2011-01-03 | C71: 1 | D71: =VLOOKUP(C71, Lookups_Metadata!$A$4:$B$7, 2, FALSE()) -> Spring | E71: 0 | F71: 1 | G71: 21 | H71: =FALSE() -> FALSE | I71: 1 | J71: =INDEX(Lookups_Metadata!$E$4:$E$10, MATCH(I71, Lookups_Metadata!$D$4:$D$10, 0)) -> Monday | K71: =IF(H71=TRUE(), "Holiday", IF(OR(I71=0, I71=6), "Weekend", "Weekday")) -> Weekday | L71: =IF(AND(K71="Weekday", OR(AND(G71>=7, G71<=9), AND(G71>=17, G71<=19))), "Peak Commute", "Off-Peak") -> Off-Peak | M71: 1 | N71: =VLOOKUP(M71, Lookups_Metadata!$G$4:$H$7, 2, FALSE()) -> Clear / Few Clouds | O71: 0.18 | P71: 0.197 | Q71: =IF(OR(P71="", ISBLANK(P71)), ROUND(0.9367*O71+0.0175, 4), P71) -> 0.197 | R71: =IF(OR(P71="", ISBLANK(P71)), "Imputed (Regression/Trend)", "Original") -> Original | S71: 0.64 | T71: 0.1343 | U71: 3 | V71: 49 | W71: =U71+V71 -> 52 | X71: =U71/W71 -> 0.057692308 | Y71: =V71/W71 -> 0.94230769 | Z71: =IF(W71>=150, "High Demand", IF(W71>=50, "Moderate Demand", "Low Demand")) -> Moderate Demand | AA71: =TEXT(G71, "00") & ":00" -> 21:00 | AB71: =YEAR(B71) -> 2011 | AC71: =TEXT(B71, "mmmm") -> January | AD71: =LEN(TEXT(B71, "YYYY-MM-DD")) -> 10 | AE71: =LEFT(TEXT(B71, "YYYY-MM-DD"), 4) -> 2011 | AF71: =RIGHT(TEXT(B71, "YYYY-MM-DD"), 2) -> 03
A72: 68 | B72: 2011-01-03 | C72: 1 | D72: =VLOOKUP(C72, Lookups_Metadata!$A$4:$B$7, 2, FALSE()) -> Spring | E72: 0 | F72: 1 | G72: 22 | H72: =FALSE() -> FALSE | I72: 1 | J72: =INDEX(Lookups_Metadata!$E$4:$E$10, MATCH(I72, Lookups_Metadata!$D$4:$D$10, 0)) -> Monday | K72: =IF(H72=TRUE(), "Holiday", IF(OR(I72=0, I72=6), "Weekend", "Weekday")) -> Weekday | L72: =IF(AND(K72="Weekday", OR(AND(G72>=7, G72<=9), AND(G72>=17, G72<=19))), "Peak Commute", "Off-Peak") -> Off-Peak | M72: 1 | N72: =VLOOKUP(M72, Lookups_Metadata!$G$4:$H$7, 2, FALSE()) -> Clear / Few Clouds | O72: 0.14 | P72: 0.1515 | Q72: =IF(OR(P72="", ISBLANK(P72)), ROUND(0.9367*O72+0.0175, 4), P72) -> 0.1515 | R72: =IF(OR(P72="", ISBLANK(P72)), "Imputed (Regression/Trend)", "Original") -> Original | S72: 0.69 | T72: 0.1343 | U72: 0 | V72: 20 | W72: =U72+V72 -> 20 | X72: =U72/W72 -> 0 | Y72: =V72/W72 -> 1 | Z72: =IF(W72>=150, "High Demand", IF(W72>=50, "Moderate Demand", "Low Demand")) -> Low Demand | AA72: =TEXT(G72, "00") & ":00" -> 22:00 | AB72: =YEAR(B72) -> 2011 | AC72: =TEXT(B72, "mmmm") -> January | AD72: =LEN(TEXT(B72, "YYYY-MM-DD")) -> 10 | AE72: =LEFT(TEXT(B72, "YYYY-MM-DD"), 4) -> 2011 | AF72: =RIGHT(TEXT(B72, "YYYY-MM-DD"), 2) -> 03
A73: 69 | B73: 2011-01-03 | C73: 1 | D73: =VLOOKUP(C73, Lookups_Metadata!$A$4:$B$7, 2, FALSE()) -> Spring | E73: 0 | F73: 1 | G73: 23 | H73: =FALSE() -> FALSE | I73: 1 | J73: =INDEX(Lookups_Metadata!$E$4:$E$10, MATCH(I73, Lookups_Metadata!$D$4:$D$10, 0)) -> Monday | K73: =IF(H73=TRUE(), "Holiday", IF(OR(I73=0, I73=6), "Weekend", "Weekday")) -> Weekday | L73: =IF(AND(K73="Weekday", OR(AND(G73>=7, G73<=9), AND(G73>=17, G73<=19))), "Peak Commute", "Off-Peak") -> Off-Peak | M73: 1 | N73: =VLOOKUP(M73, Lookups_Metadata!$G$4:$H$7, 2, FALSE()) -> Clear / Few Clouds | O73: 0.18 | P73: 0.2121 | Q73: =IF(OR(P73="", ISBLANK(P73)), ROUND(0.9367*O73+0.0175, 4), P73) -> 0.2121 | R73: =IF(OR(P73="", ISBLANK(P73)), "Imputed (Regression/Trend)", "Original") -> Original | S73: 0.55 | T73: 0.1045 | U73: 1 | V73: 11 | W73: =U73+V73 -> 12 | X73: =U73/W73 -> 0.083333333 | Y73: =V73/W73 -> 0.91666667 | Z73: =IF(W73>=150, "High Demand", IF(W73>=50, "Moderate Demand", "Low Demand")) -> Low Demand | AA73: =TEXT(G73, "00") & ":00" -> 23:00 | AB73: =YEAR(B73) -> 2011 | AC73: =TEXT(B73, "mmmm") -> January | AD73: =LEN(TEXT(B73, "YYYY-MM-DD")) -> 10 | AE73: =LEFT(TEXT(B73, "YYYY-MM-DD"), 4) -> 2011 | AF73: =RIGHT(TEXT(B73, "YYYY-MM-DD"), 2) -> 03
A74: 70 | B74: 2011-01-04 | C74: 1 | D74: =VLOOKUP(C74, Lookups_Metadata!$A$4:$B$7, 2, FALSE()) -> Spring | E74: 0 | F74: 1 | G74: 0 | H74: =FALSE() -> FALSE | I74: 2 | J74: =INDEX(Lookups_Metadata!$E$4:$E$10, MATCH(I74, Lookups_Metadata!$D$4:$D$10, 0)) -> Tuesday | K74: =IF(H74=TRUE(), "Holiday", IF(OR(I74=0, I74=6), "Weekend", "Weekday")) -> Weekday | L74: =IF(AND(K74="Weekday", OR(AND(G74>=7, G74<=9), AND(G74>=17, G74<=19))), "Peak Commute", "Off-Peak") -> Off-Peak | M74: 1 | N74: =VLOOKUP(M74, Lookups_Metadata!$G$4:$H$7, 2, FALSE()) -> Clear / Few Clouds | O74: 0.16 | Q74: =IF(OR(P74="", ISBLANK(P74)), ROUND(0.9367*O74+0.0175, 4), P74) -> 0.1674 | R74: =IF(OR(P74="", ISBLANK(P74)), "Imputed (Regression/Trend)", "Original") -> Imputed (Regression/Trend) | S74: 0.55 | T74: 0.1045 | U74: 0 | V74: 5 | W74: =U74+V74 -> 5 | X74: =U74/W74 -> 0 | Y74: =V74/W74 -> 1 | Z74: =IF(W74>=150, "High Demand", IF(W74>=50, "Moderate Demand", "Low Demand")) -> Low Demand | AA74: =TEXT(G74, "00") & ":00" -> 00:00 | AB74: =YEAR(B74) -> 2011 | AC74: =TEXT(B74, "mmmm") -> January | AD74: =LEN(TEXT(B74, "YYYY-MM-DD")) -> 10 | AE74: =LEFT(TEXT(B74, "YYYY-MM-DD"), 4) -> 2011 | AF74: =RIGHT(TEXT(B74, "YYYY-MM-DD"), 2) -> 04
A75: 71 | B75: 2011-01-04 | C75: 1 | D75: =VLOOKUP(C75, Lookups_Metadata!$A$4:$B$7, 2, FALSE()) -> Spring | E75: 0 | F75: 1 | G75: 1 | H75: =FALSE() -> FALSE | I75: 2 | J75: =INDEX(Lookups_Metadata!$E$4:$E$10, MATCH(I75, Lookups_Metadata!$D$4:$D$10, 0)) -> Tuesday | K75: =IF(H75=TRUE(), "Holiday", IF(OR(I75=0, I75=6), "Weekend", "Weekday")) -> Weekday | L75: =IF(AND(K75="Weekday", OR(AND(G75>=7, G75<=9), AND(G75>=17, G75<=19))), "Peak Commute", "Off-Peak") -> Off-Peak | M75: 1 | N75: =VLOOKUP(M75, Lookups_Metadata!$G$4:$H$7, 2, FALSE()) -> Clear / Few Clouds | O75: 0.16 | P75: 0.1818 | Q75: =IF(OR(P75="", ISBLANK(P75)), ROUND(0.9367*O75+0.0175, 4), P75) -> 0.1818 | R75: =IF(OR(P75="", ISBLANK(P75)), "Imputed (Regression/Trend)", "Original") -> Original | S75: 0.59 | T75: 0.1045 | U75: 0 | V75: 2 | W75: =U75+V75 -> 2 | X75: =U75/W75 -> 0 | Y75: =V75/W75 -> 1 | Z75: =IF(W75>=150, "High Demand", IF(W75>=50, "Moderate Demand", "Low Demand")) -> Low Demand | AA75: =TEXT(G75, "00") & ":00" -> 01:00 | AB75: =YEAR(B75) -> 2011 | AC75: =TEXT(B75, "mmmm") -> January | AD75: =LEN(TEXT(B75, "YYYY-MM-DD")) -> 10 | AE75: =LEFT(TEXT(B75, "YYYY-MM-DD"), 4) -> 2011 | AF75: =RIGHT(TEXT(B75, "YYYY-MM-DD"), 2) -> 04
A76: 72 | B76: 2011-01-04 | C76: 1 | D76: =VLOOKUP(C76, Lookups_Metadata!$A$4:$B$7, 2, FALSE()) -> Spring | E76: 0 | F76: 1 | G76: 2 | H76: =FALSE() -> FALSE | I76: 2 | J76: =INDEX(Lookups_Metadata!$E$4:$E$10, MATCH(I76, Lookups_Metadata!$D$4:$D$10, 0)) -> Tuesday | K76: =IF(H76=TRUE(), "Holiday", IF(OR(I76=0, I76=6), "Weekend", "Weekday")) -> Weekday | L76: =IF(AND(K76="Weekday", OR(AND(G76>=7, G76<=9), AND(G76>=17, G76<=19))), "Peak Commute", "Off-Peak") -> Off-Peak | M76: 1 | N76: =VLOOKUP(M76, Lookups_Metadata!$G$4:$H$7, 2, FALSE()) -> Clear / Few Clouds | O76: 0.14 | P76: 0.1515 | Q76: =IF(OR(P76="", ISBLANK(P76)), ROUND(0.9367*O76+0.0175, 4), P76) -> 0.1515 | R76: =IF(OR(P76="", ISBLANK(P76)), "Imputed (Regression/Trend)", "Original") -> Original | S76: 0.63 | T76: 0.1343 | U76: 0 | V76: 1 | W76: =U76+V76 -> 1 | X76: =U76/W76 -> 0 | Y76: =V76/W76 -> 1 | Z76: =IF(W76>=150, "High Demand", IF(W76>=50, "Moderate Demand", "Low Demand")) -> Low Demand | AA76: =TEXT(G76, "00") & ":00" -> 02:00 | AB76: =YEAR(B76) -> 2011 | AC76: =TEXT(B76, "mmmm") -> January | AD76: =LEN(TEXT(B76, "YYYY-MM-DD")) -> 10 | AE76: =LEFT(TEXT(B76, "YYYY-MM-DD"), 4) -> 2011 | AF76: =RIGHT(TEXT(B76, "YYYY-MM-DD"), 2) -> 04
A77: 73 | B77: 2011-01-04 | C77: 1 | D77: =VLOOKUP(C77, Lookups_Metadata!$A$4:$B$7, 2, FALSE()) -> Spring | E77: 0 | F77: 1 | G77: 4 | H77: =FALSE() -> FALSE | I77: 2 | J77: =INDEX(Lookups_Metadata!$E$4:$E$10, MATCH(I77, Lookups_Metadata!$D$4:$D$10, 0)) -> Tuesday | K77: =IF(H77=TRUE(), "Holiday", IF(OR(I77=0, I77=6), "Weekend", "Weekday")) -> Weekday | L77: =IF(AND(K77="Weekday", OR(AND(G77>=7, G77<=9), AND(G77>=17, G77<=19))), "Peak Commute", "Off-Peak") -> Off-Peak | M77: 1 | N77: =VLOOKUP(M77, Lookups_Metadata!$G$4:$H$7, 2, FALSE()) -> Clear / Few Clouds | O77: 0.14 | P77: 0.1818 | Q77: =IF(OR(P77="", ISBLANK(P77)), ROUND(0.9367*O77+0.0175, 4), P77) -> 0.1818 | R77: =IF(OR(P77="", ISBLANK(P77)), "Imputed (Regression/Trend)", "Original") -> Original | S77: 0.63 | T77: 0.0896 | U77: 0 | V77: 2 | W77: =U77+V77 -> 2 | X77: =U77/W77 -> 0 | Y77: =V77/W77 -> 1 | Z77: =IF(W77>=150, "High Demand", IF(W77>=50, "Moderate Demand", "Low Demand")) -> Low Demand | AA77: =TEXT(G77, "00") & ":00" -> 04:00 | AB77: =YEAR(B77) -> 2011 | AC77: =TEXT(B77, "mmmm") -> January | AD77: =LEN(TEXT(B77, "YYYY-MM-DD")) -> 10 | AE77: =LEFT(TEXT(B77, "YYYY-MM-DD"), 4) -> 2011 | AF77: =RIGHT(TEXT(B77, "YYYY-MM-DD"), 2) -> 04
A78: 74 | B78: 2011-01-04 | C78: 1 | D78: =VLOOKUP(C78, Lookups_Metadata!$A$4:$B$7, 2, FALSE()) -> Spring | E78: 0 | F78: 1 | G78: 5 | H78: =FALSE() -> FALSE | I78: 2 | J78: =INDEX(Lookups_Metadata!$E$4:$E$10, MATCH(I78, Lookups_Metadata!$D$4:$D$10, 0)) -> Tuesday | K78: =IF(H78=TRUE(), "Holiday", IF(OR(I78=0, I78=6), "Weekend", "Weekday")) -> Weekday | L78: =IF(AND(K78="Weekday", OR(AND(G78>=7, G78<=9), AND(G78>=17, G78<=19))), "Peak Commute", "Off-Peak") -> Off-Peak | M78: 1 | N78: =VLOOKUP(M78, Lookups_Metadata!$G$4:$H$7, 2, FALSE()) -> Clear / Few Clouds | O78: 0.12 | P78: 0.1515 | Q78: =IF(OR(P78="", ISBLANK(P78)), ROUND(0.9367*O78+0.0175, 4), P78) -> 0.1515 | R78: =IF(OR(P78="", ISBLANK(P78)), "Imputed (Regression/Trend)", "Original") -> Original | S78: 0.68 | T78: 0.1045 | U78: 0 | V78: 4 | W78: =U78+V78 -> 4 | X78: =U78/W78 -> 0 | Y78: =V78/W78 -> 1 | Z78: =IF(W78>=150, "High Demand", IF(W78>=50, "Moderate Demand", "Low Demand")) -> Low Demand | AA78: =TEXT(G78, "00") & ":00" -> 05:00 | AB78: =YEAR(B78) -> 2011 | AC78: =TEXT(B78, "mmmm") -> January | AD78: =LEN(TEXT(B78, "YYYY-MM-DD")) -> 10 | AE78: =LEFT(TEXT(B78, "YYYY-MM-DD"), 4) -> 2011 | AF78: =RIGHT(TEXT(B78, "YYYY-MM-DD"), 2) -> 04
A79: 75 | B79: 2011-01-04 | C79: 1 | D79: =VLOOKUP(C79, Lookups_Metadata!$A$4:$B$7, 2, FALSE()) -> Spring | E79: 0 | F79: 1 | G79: 6 | H79: =FALSE() -> FALSE | I79: 2 | J79: =INDEX(Lookups_Metadata!$E$4:$E$10, MATCH(I79, Lookups_Metadata!$D$4:$D$10, 0)) -> Tuesday | K79: =IF(H79=TRUE(), "Holiday", IF(OR(I79=0, I79=6), "Weekend", "Weekday")) -> Weekday | L79: =IF(AND(K79="Weekday", OR(AND(G79>=7, G79<=9), AND(G79>=17, G79<=19))), "Peak Commute", "Off-Peak") -> Off-Peak | M79: 1 | N79: =VLOOKUP(M79, Lookups_Metadata!$G$4:$H$7, 2, FALSE()) -> Clear / Few Clouds | O79: 0.12 | P79: 0.1515 | Q79: =IF(OR(P79="", ISBLANK(P79)), ROUND(0.9367*O79+0.0175, 4), P79) -> 0.1515 | R79: =IF(OR(P79="", ISBLANK(P79)), "Imputed (Regression/Trend)", "Original") -> Original | S79: 0.74 | T79: 0.1045 | U79: 0 | V79: 36 | W79: =U79+V79 -> 36 | X79: =U79/W79 -> 0 | Y79: =V79/W79 -> 1 | Z79: =IF(W79>=150, "High Demand", IF(W79>=50, "Moderate Demand", "Low Demand")) -> Low Demand | AA79: =TEXT(G79, "00") & ":00" -> 06:00 | AB79: =YEAR(B79) -> 2011 | AC79: =TEXT(B79, "mmmm") -> January | AD79: =LEN(TEXT(B79, "YYYY-MM-DD")) -> 10 | AE79: =LEFT(TEXT(B79, "YYYY-MM-DD"), 4) -> 2011 | AF79: =RIGHT(TEXT(B79, "YYYY-MM-DD"), 2) -> 04
A80: 76 | B80: 2011-01-04 | C80: 1 | D80: =VLOOKUP(C80, Lookups_Metadata!$A$4:$B$7, 2, FALSE()) -> Spring | E80: 0 | F80: 1 | G80: 7 | H80: =FALSE() -> FALSE | I80: 2 | J80: =INDEX(Lookups_Metadata!$E$4:$E$10, MATCH(I80, Lookups_Metadata!$D$4:$D$10, 0)) -> Tuesday | K80: =IF(H80=TRUE(), "Holiday", IF(OR(I80=0, I80=6), "Weekend", "Weekday")) -> Weekday | L80: =IF(AND(K80="Weekday", OR(AND(G80>=7, G80<=9), AND(G80>=17, G80<=19))), "Peak Commute", "Off-Peak") -> Peak Commute | M80: 1 | N80: =VLOOKUP(M80, Lookups_Metadata!$G$4:$H$7, 2, FALSE()) -> Clear / Few Clouds | O80: 0.12 | P80: 0.1515 | Q80: =IF(OR(P80="", ISBLANK(P80)), ROUND(0.9367*O80+0.0175, 4), P80) -> 0.1515 | R80: =IF(OR(P80="", ISBLANK(P80)), "Imputed (Regression/Trend)", "Original") -> Original | S80: 0.74 | T80: 0.1343 | U80: 2 | V80: 92 | W80: =U80+V80 -> 94 | X80: =U80/W80 -> 0.021276596 | Y80: =V80/W80 -> 0.9787234 | Z80: =IF(W80>=150, "High Demand", IF(W80>=50, "Moderate Demand", "Low Demand")) -> Moderate Demand | AA80: =TEXT(G80, "00") & ":00" -> 07:00 | AB80: =YEAR(B80) -> 2011 | AC80: =TEXT(B80, "mmmm") -> January | AD80: =LEN(TEXT(B80, "YYYY-MM-DD")) -> 10 | AE80: =LEFT(TEXT(B80, "YYYY-MM-DD"), 4) -> 2011 | AF80: =RIGHT(TEXT(B80, "YYYY-MM-DD"), 2) -> 04
A81: 77 | B81: 2011-01-04 | C81: 1 | D81: =VLOOKUP(C81, Lookups_Metadata!$A$4:$B$7, 2, FALSE()) -> Spring | E81: 0 | F81: 1 | G81: 8 | H81: =FALSE() -> FALSE | I81: 2 | J81: =INDEX(Lookups_Metadata!$E$4:$E$10, MATCH(I81, Lookups_Metadata!$D$4:$D$10, 0)) -> Tuesday | K81: =IF(H81=TRUE(), "Holiday", IF(OR(I81=0, I81=6), "Weekend", "Weekday")) -> Weekday | L81: =IF(AND(K81="Weekday", OR(AND(G81>=7, G81<=9), AND(G81>=17, G81<=19))), "Peak Commute", "Off-Peak") -> Peak Commute | M81: 1 | N81: =VLOOKUP(M81, Lookups_Metadata!$G$4:$H$7, 2, FALSE()) -> Clear / Few Clouds | O81: 0.14 | P81: 0.1515 | Q81: =IF(OR(P81="", ISBLANK(P81)), ROUND(0.9367*O81+0.0175, 4), P81) -> 0.1515 | R81: =IF(OR(P81="", ISBLANK(P81)), "Imputed (Regression/Trend)", "Original") -> Original | S81: 0.69 | T81: 0.1642 | U81: 2 | V81: 177 | W81: =U81+V81 -> 179 | X81: =U81/W81 -> 0.011173184 | Y81: =V81/W81 -> 0.98882682 | Z81: =IF(W81>=150, "High Demand", IF(W81>=50, "Moderate Demand", "Low Demand")) -> High Demand | AA81: =TEXT(G81, "00") & ":00" -> 08:00 | AB81: =YEAR(B81) -> 2011 | AC81: =TEXT(B81, "mmmm") -> January | AD81: =LEN(TEXT(B81, "YYYY-MM-DD")) -> 10 | AE81: =LEFT(TEXT(B81, "YYYY-MM-DD"), 4) -> 2011 | AF81: =RIGHT(TEXT(B81, "YYYY-MM-DD"), 2) -> 04
A82: 78 | B82: 2011-01-04 | C82: 1 | D82: =VLOOKUP(C82, Lookups_Metadata!$A$4:$B$7, 2, FALSE()) -> Spring | E82: 0 | F82: 1 | G82: 9 | H82: =FALSE() -> FALSE | I82: 2 | J82: =INDEX(Lookups_Metadata!$E$4:$E$10, MATCH(I82, Lookups_Metadata!$D$4:$D$10, 0)) -> Tuesday | K82: =IF(H82=TRUE(), "Holiday", IF(OR(I82=0, I82=6), "Weekend", "Weekday")) -> Weekday | L82: =IF(AND(K82="Weekday", OR(AND(G82>=7, G82<=9), AND(G82>=17, G82<=19))), "Peak Commute", "Off-Peak") -> Peak Commute | M82: 1 | N82: =VLOOKUP(M82, Lookups_Metadata!$G$4:$H$7, 2, FALSE()) -> Clear / Few Clouds | O82: 0.16 | P82: 0.1515 | Q82: =IF(OR(P82="", ISBLANK(P82)), ROUND(0.9367*O82+0.0175, 4), P82) -> 0.1515 | R82: =IF(OR(P82="", ISBLANK(P82)), "Imputed (Regression/Trend)", "Original") -> Original | S82: 0.64 | T82: 0.2239 | U82: 2 | V82: 98 | W82: =U82+V82 -> 100 | X82: =U82/W82 -> 0.02 | Y82: =V82/W82 -> 0.98 | Z82: =IF(W82>=150, "High Demand", IF(W82>=50, "Moderate Demand", "Low Demand")) -> Moderate Demand | AA82: =TEXT(G82, "00") & ":00" -> 09:00 | AB82: =YEAR(B82) -> 2011 | AC82: =TEXT(B82, "mmmm") -> January | AD82: =LEN(TEXT(B82, "YYYY-MM-DD")) -> 10 | AE82: =LEFT(TEXT(B82, "YYYY-MM-DD"), 4) -> 2011 | AF82: =RIGHT(TEXT(B82, "YYYY-MM-DD"), 2) -> 04
A83: 79 | B83: 2011-01-04 | C83: 1 | D83: =VLOOKUP(C83, Lookups_Metadata!$A$4:$B$7, 2, FALSE()) -> Spring | E83: 0 | F83: 1 | G83: 10 | H83: =FALSE() -> FALSE | I83: 2 | J83: =INDEX(Lookups_Metadata!$E$4:$E$10, MATCH(I83, Lookups_Metadata!$D$4:$D$10, 0)) -> Tuesday | K83: =IF(H83=TRUE(), "Holiday", IF(OR(I83=0, I83=6), "Weekend", "Weekday")) -> Weekday | L83: =IF(AND(K83="Weekday", OR(AND(G83>=7, G83<=9), AND(G83>=17, G83<=19))), "Peak Commute", "Off-Peak") -> Off-Peak | M83: 2 | N83: =VLOOKUP(M83, Lookups_Metadata!$G$4:$H$7, 2, FALSE()) -> Mist / Cloudy | O83: 0.16 | P83: 0.1364 | Q83: =IF(OR(P83="", ISBLANK(P83)), ROUND(0.9367*O83+0.0175, 4), P83) -> 0.1364 | R83: =IF(OR(P83="", ISBLANK(P83)), "Imputed (Regression/Trend)", "Original") -> Original | S83: 0.69 | T83: 0.3284 | U83: 5 | V83: 37 | W83: =U83+V83 -> 42 | X83: =U83/W83 -> 0.11904762 | Y83: =V83/W83 -> 0.88095238 | Z83: =IF(W83>=150, "High Demand", IF(W83>=50, "Moderate Demand", "Low Demand")) -> Low Demand | AA83: =TEXT(G83, "00") & ":00" -> 10:00 | AB83: =YEAR(B83) -> 2011 | AC83: =TEXT(B83, "mmmm") -> January | AD83: =LEN(TEXT(B83, "YYYY-MM-DD")) -> 10 | AE83: =LEFT(TEXT(B83, "YYYY-MM-DD"), 4) -> 2011 | AF83: =RIGHT(TEXT(B83, "YYYY-MM-DD"), 2) -> 04
A84: 80 | B84: 2011-01-04 | C84: 1 | D84: =VLOOKUP(C84, Lookups_Metadata!$A$4:$B$7, 2, FALSE()) -> Spring | E84: 0 | F84: 1 | G84: 11 | H84: =FALSE() -> FALSE | I84: 2 | J84: =INDEX(Lookups_Metadata!$E$4:$E$10, MATCH(I84, Lookups_Metadata!$D$4:$D$10, 0)) -> Tuesday | K84: =IF(H84=TRUE(), "Holiday", IF(OR(I84=0, I84=6), "Weekend", "Weekday")) -> Weekday | L84: =IF(AND(K84="Weekday", OR(AND(G84>=7, G84<=9), AND(G84>=17, G84<=19))), "Peak Commute", "Off-Peak") -> Off-Peak | M84: 1 | N84: =VLOOKUP(M84, Lookups_Metadata!$G$4:$H$7, 2, FALSE()) -> Clear / Few Clouds | O84: 0.22 | P84: 0.2121 | Q84: =IF(OR(P84="", ISBLANK(P84)), ROUND(0.9367*O84+0.0175, 4), P84) -> 0.2121 | R84: =IF(OR(P84="", ISBLANK(P84)), "Imputed (Regression/Trend)", "Original") -> Original | S84: 0.51 | T84: 0.2985 | U84: 7 | V84: 50 | W84: =U84+V84 -> 57 | X84: =U84/W84 -> 0.12280702 | Y84: =V84/W84 -> 0.87719298 | Z84: =IF(W84>=150, "High Demand", IF(W84>=50, "Moderate Demand", "Low Demand")) -> Moderate Demand | AA84: =TEXT(G84, "00") & ":00" -> 11:00 | AB84: =YEAR(B84) -> 2011 | AC84: =TEXT(B84, "mmmm") -> January | AD84: =LEN(TEXT(B84, "YYYY-MM-DD")) -> 10 | AE84: =LEFT(TEXT(B84, "YYYY-MM-DD"), 4) -> 2011 | AF84: =RIGHT(TEXT(B84, "YYYY-MM-DD"), 2) -> 04
A85: 81 | B85: 2011-01-04 | C85: 1 | D85: =VLOOKUP(C85, Lookups_Metadata!$A$4:$B$7, 2, FALSE()) -> Spring | E85: 0 | F85: 1 | G85: 12 | H85: =FALSE() -> FALSE | I85: 2 | J85: =INDEX(Lookups_Metadata!$E$4:$E$10, MATCH(I85, Lookups_Metadata!$D$4:$D$10, 0)) -> Tuesday | K85: =IF(H85=TRUE(), "Holiday", IF(OR(I85=0, I85=6), "Weekend", "Weekday")) -> Weekday | L85: =IF(AND(K85="Weekday", OR(AND(G85>=7, G85<=9), AND(G85>=17, G85<=19))), "Peak Commute", "Off-Peak") -> Off-Peak | M85: 1 | N85: =VLOOKUP(M85, Lookups_Metadata!$G$4:$H$7, 2, FALSE()) -> Clear / Few Clouds | O85: 0.22 | P85: 0.2273 | Q85: =IF(OR(P85="", ISBLANK(P85)), ROUND(0.9367*O85+0.0175, 4), P85) -> 0.2273 | R85: =IF(OR(P85="", ISBLANK(P85)), "Imputed (Regression/Trend)", "Original") -> Original | S85: 0.51 | T85: 0.1642 | U85: 12 | V85: 66 | W85: =U85+V85 -> 78 | X85: =U85/W85 -> 0.15384615 | Y85: =V85/W85 -> 0.84615385 | Z85: =IF(W85>=150, "High Demand", IF(W85>=50, "Moderate Demand", "Low Demand")) -> Moderate Demand | AA85: =TEXT(G85, "00") & ":00" -> 12:00 | AB85: =YEAR(B85) -> 2011 | AC85: =TEXT(B85, "mmmm") -> January | AD85: =LEN(TEXT(B85, "YYYY-MM-DD")) -> 10 | AE85: =LEFT(TEXT(B85, "YYYY-MM-DD"), 4) -> 2011 | AF85: =RIGHT(TEXT(B85, "YYYY-MM-DD"), 2) -> 04
A86: 82 | B86: 2011-01-04 | C86: 1 | D86: =VLOOKUP(C86, Lookups_Metadata!$A$4:$B$7, 2, FALSE()) -> Spring | E86: 0 | F86: 1 | G86: 13 | H86: =FALSE() -> FALSE | I86: 2 | J86: =INDEX(Lookups_Metadata!$E$4:$E$10, MATCH(I86, Lookups_Metadata!$D$4:$D$10, 0)) -> Tuesday | K86: =IF(H86=TRUE(), "Holiday", IF(OR(I86=0, I86=6), "Weekend", "Weekday")) -> Weekday | L86: =IF(AND(K86="Weekday", OR(AND(G86>=7, G86<=9), AND(G86>=17, G86<=19))), "Peak Commute", "Off-Peak") -> Off-Peak | M86: 1 | N86: =VLOOKUP(M86, Lookups_Metadata!$G$4:$H$7, 2, FALSE()) -> Clear / Few Clouds | O86: 0.24 | P86: 0.2273 | Q86: =IF(OR(P86="", ISBLANK(P86)), ROUND(0.9367*O86+0.0175, 4), P86) -> 0.2273 | R86: =IF(OR(P86="", ISBLANK(P86)), "Imputed (Regression/Trend)", "Original") -> Original | S86: 0.56 | T86: 0.194 | U86: 18 | V86: 79 | W86: =U86+V86 -> 97 | X86: =U86/W86 -> 0.18556701 | Y86: =V86/W86 -> 0.81443299 | Z86: =IF(W86>=150, "High Demand", IF(W86>=50, "Moderate Demand", "Low Demand")) -> Moderate Demand | AA86: =TEXT(G86, "00") & ":00" -> 13:00 | AB86: =YEAR(B86) -> 2011 | AC86: =TEXT(B86, "mmmm") -> January | AD86: =LEN(TEXT(B86, "YYYY-MM-DD")) -> 10 | AE86: =LEFT(TEXT(B86, "YYYY-MM-DD"), 4) -> 2011 | AF86: =RIGHT(TEXT(B86, "YYYY-MM-DD"), 2) -> 04
... A376: 372 | B376: 2011-01-16 | C376: 1 | D376: =VLOOKUP(C376, Lookups_Metadata!$A$4:$B$7, 2, FALSE()) -> Spring | E376: 0 | F376: 1 | G376: 23 | H376: =FALSE() -> FALSE | I376: 0 | J376: =INDEX(Lookups_Metadata!$E$4:$E$10, MATCH(I376, Lookups_Metadata!$D$4:$D$10, 0)) -> Sunday | K376: =IF(H376=TRUE(), "Holiday", IF(OR(I376=0, I376=6), "Weekend", "Weekday")) -> Weekend | L376: =IF(AND(K376="Weekday", OR(AND(G376>=7, G376<=9), AND(G376>=17, G376<=19))), "Peak Commute", "Off-Peak") -> Off-Peak | M376: 2 | N376: =VLOOKUP(M376, Lookups_Metadata!$G$4:$H$7, 2, FALSE()) -> Mist / Cloudy | O376: 0.2 | P376: 0.2273 | Q376: =IF(OR(P376="", ISBLANK(P376)), ROUND(0.9367*O376+0.0175, 4), P376) -> 0.2273 | R376: =IF(OR(P376="", ISBLANK(P376)), "Imputed (Regression/Trend)", "Original") -> Original | S376: 0.4 | T376: 0.1045 | U376: 0 | V376: 18 | W376: =U376+V376 -> 18 | X376: =U376/W376 -> 0 | Y376: =V376/W376 -> 1 | Z376: =IF(W376>=150, "High Demand", IF(W376>=50, "Moderate Demand", "Low Demand")) -> Low Demand | AA376: =TEXT(G376, "00") & ":00" -> 23:00 | AB376: =YEAR(B376) -> 2011 | AC376: =TEXT(B376, "mmmm") -> January | AD376: =LEN(TEXT(B376, "YYYY-MM-DD")) -> 10 | AE376: =LEFT(TEXT(B376, "YYYY-MM-DD"), 4) -> 2011 | AF376: =RIGHT(TEXT(B376, "YYYY-MM-DD"), 2) -> 16
A377: 373 | B377: 2011-01-17 | C377: 1 | D377: =VLOOKUP(C377, Lookups_Metadata!$A$4:$B$7, 2, FALSE()) -> Spring | E377: 0 | F377: 1 | G377: 0 | H377: =TRUE() -> TRUE | I377: 1 | J377: =INDEX(Lookups_Metadata!$E$4:$E$10, MATCH(I377, Lookups_Metadata!$D$4:$D$10, 0)) -> Monday | K377: =IF(H377=TRUE(), "Holiday", IF(OR(I377=0, I377=6), "Weekend", "Weekday")) -> Holiday | L377: =IF(AND(K377="Weekday", OR(AND(G377>=7, G377<=9), AND(G377>=17, G377<=19))), "Peak Commute", "Off-Peak") -> Off-Peak | M377: 2 | N377: =VLOOKUP(M377, Lookups_Metadata!$G$4:$H$7, 2, FALSE()) -> Mist / Cloudy | O377: 0.2 | P377: 0.197 | Q377: =IF(OR(P377="", ISBLANK(P377)), ROUND(0.9367*O377+0.0175, 4), P377) -> 0.197 | R377: =IF(OR(P377="", ISBLANK(P377)), "Imputed (Regression/Trend)", "Original") -> Original | S377: 0.47 | T377: 0.2239 | U377: 1 | V377: 16 | W377: =U377+V377 -> 17 | X377: =U377/W377 -> 0.058823529 | Y377: =V377/W377 -> 0.94117647 | Z377: =IF(W377>=150, "High Demand", IF(W377>=50, "Moderate Demand", "Low Demand")) -> Low Demand | AA377: =TEXT(G377, "00") & ":00" -> 00:00 | AB377: =YEAR(B377) -> 2011 | AC377: =TEXT(B377, "mmmm") -> January | AD377: =LEN(TEXT(B377, "YYYY-MM-DD")) -> 10 | AE377: =LEFT(TEXT(B377, "YYYY-MM-DD"), 4) -> 2011 | AF377: =RIGHT(TEXT(B377, "YYYY-MM-DD"), 2) -> 17
A378: 374 | B378: 2011-01-17 | C378: 1 | D378: =VLOOKUP(C378, Lookups_Metadata!$A$4:$B$7, 2, FALSE()) -> Spring | E378: 0 | F378: 1 | G378: 1 | H378: =TRUE() -> TRUE | I378: 1 | J378: =INDEX(Lookups_Metadata!$E$4:$E$10, MATCH(I378, Lookups_Metadata!$D$4:$D$10, 0)) -> Monday | K378: =IF(H378=TRUE(), "Holiday", IF(OR(I378=0, I378=6), "Weekend", "Weekday")) -> Holiday | L378: =IF(AND(K378="Weekday", OR(AND(G378>=7, G378<=9), AND(G378>=17, G378<=19))), "Peak Commute", "Off-Peak") -> Off-Peak | M378: 2 | N378: =VLOOKUP(M378, Lookups_Metadata!$G$4:$H$7, 2, FALSE()) -> Mist / Cloudy | O378: 0.2 | P378: 0.197 | Q378: =IF(OR(P378="", ISBLANK(P378)), ROUND(0.9367*O378+0.0175, 4), P378) -> 0.197 | R378: =IF(OR(P378="", ISBLANK(P378)), "Imputed (Regression/Trend)", "Original") -> Original | S378: 0.44 | T378: 0.194 | U378: 1 | V378: 15 | W378: =U378+V378 -> 16 | X378: =U378/W378 -> 0.0625 | Y378: =V378/W378 -> 0.9375 | Z378: =IF(W378>=150, "High Demand", IF(W378>=50, "Moderate Demand", "Low Demand")) -> Low Demand | AA378: =TEXT(G378, "00") & ":00" -> 01:00 | AB378: =YEAR(B378) -> 2011 | AC378: =TEXT(B378, "mmmm") -> January | AD378: =LEN(TEXT(B378, "YYYY-MM-DD")) -> 10 | AE378: =LEFT(TEXT(B378, "YYYY-MM-DD"), 4) -> 2011 | AF378: =RIGHT(TEXT(B378, "YYYY-MM-DD"), 2) -> 17
A379: 375 | B379: 2011-01-17 | C379: 1 | D379: =VLOOKUP(C379, Lookups_Metadata!$A$4:$B$7, 2, FALSE()) -> Spring | E379: 0 | F379: 1 | G379: 2 | H379: =TRUE() -> TRUE | I379: 1 | J379: =INDEX(Lookups_Metadata!$E$4:$E$10, MATCH(I379, Lookups_Metadata!$D$4:$D$10, 0)) -> Monday | K379: =IF(H379=TRUE(), "Holiday", IF(OR(I379=0, I379=6), "Weekend", "Weekday")) -> Holiday | L379: =IF(AND(K379="Weekday", OR(AND(G379>=7, G379<=9), AND(G379>=17, G379<=19))), "Peak Commute", "Off-Peak") -> Off-Peak | M379: 2 | N379: =VLOOKUP(M379, Lookups_Metadata!$G$4:$H$7, 2, FALSE()) -> Mist / Cloudy | O379: 0.18 | P379: 0.1667 | Q379: =IF(OR(P379="", ISBLANK(P379)), ROUND(0.9367*O379+0.0175, 4), P379) -> 0.1667 | R379: =IF(OR(P379="", ISBLANK(P379)), "Imputed (Regression/Trend)", "Original") -> Original | S379: 0.43 | T379: 0.2537 | U379: 0 | V379: 8 | W379: =U379+V379 -> 8 | X379: =U379/W379 -> 0 | Y379: =V379/W379 -> 1 | Z379: =IF(W379>=150, "High Demand", IF(W379>=50, "Moderate Demand", "Low Demand")) -> Low Demand | AA379: =TEXT(G379, "00") & ":00" -> 02:00 | AB379: =YEAR(B379) -> 2011 | AC379: =TEXT(B379, "mmmm") -> January | AD379: =LEN(TEXT(B379, "YYYY-MM-DD")) -> 10 | AE379: =LEFT(TEXT(B379, "YYYY-MM-DD"), 4) -> 2011 | AF379: =RIGHT(TEXT(B379, "YYYY-MM-DD"), 2) -> 17
A380: 376 | B380: 2011-01-17 | C380: 1 | D380: =VLOOKUP(C380, Lookups_Metadata!$A$4:$B$7, 2, FALSE()) -> Spring | E380: 0 | F380: 1 | G380: 3 | H380: =TRUE() -> TRUE | I380: 1 | J380: =INDEX(Lookups_Metadata!$E$4:$E$10, MATCH(I380, Lookups_Metadata!$D$4:$D$10, 0)) -> Monday | K380: =IF(H380=TRUE(), "Holiday", IF(OR(I380=0, I380=6), "Weekend", "Weekday")) -> Holiday | L380: =IF(AND(K380="Weekday", OR(AND(G380>=7, G380<=9), AND(G380>=17, G380<=19))), "Peak Commute", "Off-Peak") -> Off-Peak | M380: 2 | N380: =VLOOKUP(M380, Lookups_Metadata!$G$4:$H$7, 2, FALSE()) -> Mist / Cloudy | O380: 0.18 | P380: 0.1818 | Q380: =IF(OR(P380="", ISBLANK(P380)), ROUND(0.9367*O380+0.0175, 4), P380) -> 0.1818 | R380: =IF(OR(P380="", ISBLANK(P380)), "Imputed (Regression/Trend)", "Original") -> Original | S380: 0.43 | T380: 0.194 | U380: 0 | V380: 2 | W380: =U380+V380 -> 2 | X380: =U380/W380 -> 0 | Y380: =V380/W380 -> 1 | Z380: =IF(W380>=150, "High Demand", IF(W380>=50, "Moderate Demand", "Low Demand")) -> Low Demand | AA380: =TEXT(G380, "00") & ":00" -> 03:00 | AB380: =YEAR(B380) -> 2011 | AC380: =TEXT(B380, "mmmm") -> January | AD380: =LEN(TEXT(B380, "YYYY-MM-DD")) -> 10 | AE380: =LEFT(TEXT(B380, "YYYY-MM-DD"), 4) -> 2011 | AF380: =RIGHT(TEXT(B380, "YYYY-MM-DD"), 2) -> 17
A381: 377 | B381: 2011-01-17 | C381: 1 | D381: =VLOOKUP(C381, Lookups_Metadata!$A$4:$B$7, 2, FALSE()) -> Spring | E381: 0 | F381: 1 | G381: 4 | H381: =TRUE() -> TRUE | I381: 1 | J381: =INDEX(Lookups_Metadata!$E$4:$E$10, MATCH(I381, Lookups_Metadata!$D$4:$D$10, 0)) -> Monday | K381: =IF(H381=TRUE(), "Holiday", IF(OR(I381=0, I381=6), "Weekend", "Weekday")) -> Holiday | L381: =IF(AND(K381="Weekday", OR(AND(G381>=7, G381<=9), AND(G381>=17, G381<=19))), "Peak Commute", "Off-Peak") -> Off-Peak | M381: 2 | N381: =VLOOKUP(M381, Lookups_Metadata!$G$4:$H$7, 2, FALSE()) -> Mist / Cloudy | O381: 0.18 | P381: 0.197 | Q381: =IF(OR(P381="", ISBLANK(P381)), ROUND(0.9367*O381+0.0175, 4), P381) -> 0.197 | R381: =IF(OR(P381="", ISBLANK(P381)), "Imputed (Regression/Trend)", "Original") -> Original | S381: 0.43 | T381: 0.1343 | U381: 1 | V381: 2 | W381: =U381+V381 -> 3 | X381: =U381/W381 -> 0.33333333 | Y381: =V381/W381 -> 0.66666667 | Z381: =IF(W381>=150, "High Demand", IF(W381>=50, "Moderate Demand", "Low Demand")) -> Low Demand | AA381: =TEXT(G381, "00") & ":00" -> 04:00 | AB381: =YEAR(B381) -> 2011 | AC381: =TEXT(B381, "mmmm") -> January | AD381: =LEN(TEXT(B381, "YYYY-MM-DD")) -> 10 | AE381: =LEFT(TEXT(B381, "YYYY-MM-DD"), 4) -> 2011 | AF381: =RIGHT(TEXT(B381, "YYYY-MM-DD"), 2) -> 17
A382: 378 | B382: 2011-01-17 | C382: 1 | D382: =VLOOKUP(C382, Lookups_Metadata!$A$4:$B$7, 2, FALSE()) -> Spring | E382: 0 | F382: 1 | G382: 5 | H382: =TRUE() -> TRUE | I382: 1 | J382: =INDEX(Lookups_Metadata!$E$4:$E$10, MATCH(I382, Lookups_Metadata!$D$4:$D$10, 0)) -> Monday | K382: =IF(H382=TRUE(), "Holiday", IF(OR(I382=0, I382=6), "Weekend", "Weekday")) -> Holiday | L382: =IF(AND(K382="Weekday", OR(AND(G382>=7, G382<=9), AND(G382>=17, G382<=19))), "Peak Commute", "Off-Peak") -> Off-Peak | M382: 2 | N382: =VLOOKUP(M382, Lookups_Metadata!$G$4:$H$7, 2, FALSE()) -> Mist / Cloudy | O382: 0.18 | P382: 0.197 | Q382: =IF(OR(P382="", ISBLANK(P382)), ROUND(0.9367*O382+0.0175, 4), P382) -> 0.197 | R382: =IF(OR(P382="", ISBLANK(P382)), "Imputed (Regression/Trend)", "Original") -> Original | S382: 0.43 | T382: 0.1642 | U382: 0 | V382: 1 | W382: =U382+V382 -> 1 | X382: =U382/W382 -> 0 | Y382: =V382/W382 -> 1 | Z382: =IF(W382>=150, "High Demand", IF(W382>=50, "Moderate Demand", "Low Demand")) -> Low Demand | AA382: =TEXT(G382, "00") & ":00" -> 05:00 | AB382: =YEAR(B382) -> 2011 | AC382: =TEXT(B382, "mmmm") -> January | AD382: =LEN(TEXT(B382, "YYYY-MM-DD")) -> 10 | AE382: =LEFT(TEXT(B382, "YYYY-MM-DD"), 4) -> 2011 | AF382: =RIGHT(TEXT(B382, "YYYY-MM-DD"), 2) -> 17
A383: 379 | B383: 2011-01-17 | C383: 1 | D383: =VLOOKUP(C383, Lookups_Metadata!$A$4:$B$7, 2, FALSE()) -> Spring | E383: 0 | F383: 1 | G383: 6 | H383: =TRUE() -> TRUE | I383: 1 | J383: =INDEX(Lookups_Metadata!$E$4:$E$10, MATCH(I383, Lookups_Metadata!$D$4:$D$10, 0)) -> Monday | K383: =IF(H383=TRUE(), "Holiday", IF(OR(I383=0, I383=6), "Weekend", "Weekday")) -> Holiday | L383: =IF(AND(K383="Weekday", OR(AND(G383>=7, G383<=9), AND(G383>=17, G383<=19))), "Peak Commute", "Off-Peak") -> Off-Peak | M383: 2 | N383: =VLOOKUP(M383, Lookups_Metadata!$G$4:$H$7, 2, FALSE()) -> Mist / Cloudy | O383: 0.18 | P383: 0.1818 | Q383: =IF(OR(P383="", ISBLANK(P383)), ROUND(0.9367*O383+0.0175, 4), P383) -> 0.1818 | R383: =IF(OR(P383="", ISBLANK(P383)), "Imputed (Regression/Trend)", "Original") -> Original | S383: 0.43 | T383: 0.194 | U383: 0 | V383: 5 | W383: =U383+V383 -> 5 | X383: =U383/W383 -> 0 | Y383: =V383/W383 -> 1 | Z383: =IF(W383>=150, "High Demand", IF(W383>=50, "Moderate Demand", "Low Demand")) -> Low Demand | AA383: =TEXT(G383, "00") & ":00" -> 06:00 | AB383: =YEAR(B383) -> 2011 | AC383: =TEXT(B383, "mmmm") -> January | AD383: =LEN(TEXT(B383, "YYYY-MM-DD")) -> 10 | AE383: =LEFT(TEXT(B383, "YYYY-MM-DD"), 4) -> 2011 | AF383: =RIGHT(TEXT(B383, "YYYY-MM-DD"), 2) -> 17
A384: 380 | B384: 2011-01-17 | C384: 1 | D384: =VLOOKUP(C384, Lookups_Metadata!$A$4:$B$7, 2, FALSE()) -> Spring | E384: 0 | F384: 1 | G384: 7 | H384: =TRUE() -> TRUE | I384: 1 | J384: =INDEX(Lookups_Metadata!$E$4:$E$10, MATCH(I384, Lookups_Metadata!$D$4:$D$10, 0)) -> Monday | K384: =IF(H384=TRUE(), "Holiday", IF(OR(I384=0, I384=6), "Weekend", "Weekday")) -> Holiday | L384: =IF(AND(K384="Weekday", OR(AND(G384>=7, G384<=9), AND(G384>=17, G384<=19))), "Peak Commute", "Off-Peak") -> Off-Peak | M384: 2 | N384: =VLOOKUP(M384, Lookups_Metadata!$G$4:$H$7, 2, FALSE()) -> Mist / Cloudy | O384: 0.16 | P384: 0.1818 | Q384: =IF(OR(P384="", ISBLANK(P384)), ROUND(0.9367*O384+0.0175, 4), P384) -> 0.1818 | R384: =IF(OR(P384="", ISBLANK(P384)), "Imputed (Regression/Trend)", "Original") -> Original | S384: 0.5 | T384: 0.1343 | U384: 4 | V384: 9 | W384: =U384+V384 -> 13 | X384: =U384/W384 -> 0.30769231 | Y384: =V384/W384 -> 0.69230769 | Z384: =IF(W384>=150, "High Demand", IF(W384>=50, "Moderate Demand", "Low Demand")) -> Low Demand | AA384: =TEXT(G384, "00") & ":00" -> 07:00 | AB384: =YEAR(B384) -> 2011 | AC384: =TEXT(B384, "mmmm") -> January | AD384: =LEN(TEXT(B384, "YYYY-MM-DD")) -> 10 | AE384: =LEFT(TEXT(B384, "YYYY-MM-DD"), 4) -> 2011 | AF384: =RIGHT(TEXT(B384, "YYYY-MM-DD"), 2) -> 17
A385: 381 | B385: 2011-01-17 | C385: 1 | D385: =VLOOKUP(C385, Lookups_Metadata!$A$4:$B$7, 2, FALSE()) -> Spring | E385: 0 | F385: 1 | G385: 8 | H385: =TRUE() -> TRUE | I385: 1 | J385: =INDEX(Lookups_Metadata!$E$4:$E$10, MATCH(I385, Lookups_Metadata!$D$4:$D$10, 0)) -> Monday | K385: =IF(H385=TRUE(), "Holiday", IF(OR(I385=0, I385=6), "Weekend", "Weekday")) -> Holiday | L385: =IF(AND(K385="Weekday", OR(AND(G385>=7, G385<=9), AND(G385>=17, G385<=19))), "Peak Commute", "Off-Peak") -> Off-Peak | M385: 2 | N385: =VLOOKUP(M385, Lookups_Metadata!$G$4:$H$7, 2, FALSE()) -> Mist / Cloudy | O385: 0.16 | P385: 0.1515 | Q385: =IF(OR(P385="", ISBLANK(P385)), ROUND(0.9367*O385+0.0175, 4), P385) -> 0.1515 | R385: =IF(OR(P385="", ISBLANK(P385)), "Imputed (Regression/Trend)", "Original") -> Original | S385: 0.47 | T385: 0.2239 | U385: 3 | V385: 30 | W385: =U385+V385 -> 33 | X385: =U385/W385 -> 0.090909091 | Y385: =V385/W385 -> 0.90909091 | Z385: =IF(W385>=150, "High Demand", IF(W385>=50, "Moderate Demand", "Low Demand")) -> Low Demand | AA385: =TEXT(G385, "00") & ":00" -> 08:00 | AB385: =YEAR(B385) -> 2011 | AC385: =TEXT(B385, "mmmm") -> January | AD385: =LEN(TEXT(B385, "YYYY-MM-DD")) -> 10 | AE385: =LEFT(TEXT(B385, "YYYY-MM-DD"), 4) -> 2011 | AF385: =RIGHT(TEXT(B385, "YYYY-MM-DD"), 2) -> 17
A386: 382 | B386: 2011-01-17 | C386: 1 | D386: =VLOOKUP(C386, Lookups_Metadata!$A$4:$B$7, 2, FALSE()) -> Spring | E386: 0 | F386: 1 | G386: 9 | H386: =TRUE() -> TRUE | I386: 1 | J386: =INDEX(Lookups_Metadata!$E$4:$E$10, MATCH(I386, Lookups_Metadata!$D$4:$D$10, 0)) -> Monday | K386: =IF(H386=TRUE(), "Holiday", IF(OR(I386=0, I386=6), "Weekend", "Weekday")) -> Holiday | L386: =IF(AND(K386="Weekday", OR(AND(G386>=7, G386<=9), AND(G386>=17, G386<=19))), "Peak Commute", "Off-Peak") -> Off-Peak | M386: 2 | N386: =VLOOKUP(M386, Lookups_Metadata!$G$4:$H$7, 2, FALSE()) -> Mist / Cloudy | O386: 0.16 | P386: 0.1515 | Q386: =IF(OR(P386="", ISBLANK(P386)), ROUND(0.9367*O386+0.0175, 4), P386) -> 0.1515 | R386: =IF(OR(P386="", ISBLANK(P386)), "Imputed (Regression/Trend)", "Original") -> Original | S386: 0.47 | T386: 0.2239 | U386: 8 | V386: 39 | W386: =U386+V386 -> 47 | X386: =U386/W386 -> 0.17021277 | Y386: =V386/W386 -> 0.82978723 | Z386: =IF(W386>=150, "High Demand", IF(W386>=50, "Moderate Demand", "Low Demand")) -> Low Demand | AA386: =TEXT(G386, "00") & ":00" -> 09:00 | AB386: =YEAR(B386) -> 2011 | AC386: =TEXT(B386, "mmmm") -> January | AD386: =LEN(TEXT(B386, "YYYY-MM-DD")) -> 10 | AE386: =LEFT(TEXT(B386, "YYYY-MM-DD"), 4) -> 2011 | AF386: =RIGHT(TEXT(B386, "YYYY-MM-DD"), 2) -> 17
A387: 383 | B387: 2011-01-17 | C387: 1 | D387: =VLOOKUP(C387, Lookups_Metadata!$A$4:$B$7, 2, FALSE()) -> Spring | E387: 0 | F387: 1 | G387: 10 | H387: =TRUE() -> TRUE | I387: 1 | J387: =INDEX(Lookups_Metadata!$E$4:$E$10, MATCH(I387, Lookups_Metadata!$D$4:$D$10, 0)) -> Monday | K387: =IF(H387=TRUE(), "Holiday", IF(OR(I387=0, I387=6), "Weekend", "Weekday")) -> Holiday | L387: =IF(AND(K387="Weekday", OR(AND(G387>=7, G387<=9), AND(G387>=17, G387<=19))), "Peak Commute", "Off-Peak") -> Off-Peak | M387: 2 | N387: =VLOOKUP(M387, Lookups_Metadata!$G$4:$H$7, 2, FALSE()) -> Mist / Cloudy | O387: 0.16 | P387: 0.1515 | Q387: =IF(OR(P387="", ISBLANK(P387)), ROUND(0.9367*O387+0.0175, 4), P387) -> 0.1515 | R387: =IF(OR(P387="", ISBLANK(P387)), "Imputed (Regression/Trend)", "Original") -> Original | S387: 0.5 | T387: 0.2537 | U387: 7 | V387: 50 | W387: =U387+V387 -> 57 | X387: =U387/W387 -> 0.12280702 | Y387: =V387/W387 -> 0.87719298 | Z387: =IF(W387>=150, "High Demand", IF(W387>=50, "Moderate Demand", "Low Demand")) -> Moderate Demand | AA387: =TEXT(G387, "00") & ":00" -> 10:00 | AB387: =YEAR(B387) -> 2011 | AC387: =TEXT(B387, "mmmm") -> January | AD387: =LEN(TEXT(B387, "YYYY-MM-DD")) -> 10 | AE387: =LEFT(TEXT(B387, "YYYY-MM-DD"), 4) -> 2011 | AF387: =RIGHT(TEXT(B387, "YYYY-MM-DD"), 2) -> 17
A388: 384 | B388: 2011-01-17 | C388: 1 | D388: =VLOOKUP(C388, Lookups_Metadata!$A$4:$B$7, 2, FALSE()) -> Spring | E388: 0 | F388: 1 | G388: 11 | H388: =TRUE() -> TRUE | I388: 1 | J388: =INDEX(Lookups_Metadata!$E$4:$E$10, MATCH(I388, Lookups_Metadata!$D$4:$D$10, 0)) -> Monday | K388: =IF(H388=TRUE(), "Holiday", IF(OR(I388=0, I388=6), "Weekend", "Weekday")) -> Holiday | L388: =IF(AND(K388="Weekday", OR(AND(G388>=7, G388<=9), AND(G388>=17, G388<=19))), "Peak Commute", "Off-Peak") -> Off-Peak | M388: 2 | N388: =VLOOKUP(M388, Lookups_Metadata!$G$4:$H$7, 2, FALSE()) -> Mist / Cloudy | O388: 0.16 | P388: 0.1515 | Q388: =IF(OR(P388="", ISBLANK(P388)), ROUND(0.9367*O388+0.0175, 4), P388) -> 0.1515 | R388: =IF(OR(P388="", ISBLANK(P388)), "Imputed (Regression/Trend)", "Original") -> Original | S388: 0.55 | T388: 0.194 | U388: 9 | V388: 55 | W388: =U388+V388 -> 64 | X388: =U388/W388 -> 0.140625 | Y388: =V388/W388 -> 0.859375 | Z388: =IF(W388>=150, "High Demand", IF(W388>=50, "Moderate Demand", "Low Demand")) -> Moderate Demand | AA388: =TEXT(G388, "00") & ":00" -> 11:00 | AB388: =YEAR(B388) -> 2011 | AC388: =TEXT(B388, "mmmm") -> January | AD388: =LEN(TEXT(B388, "YYYY-MM-DD")) -> 10 | AE388: =LEFT(TEXT(B388, "YYYY-MM-DD"), 4) -> 2011 | AF388: =RIGHT(TEXT(B388, "YYYY-MM-DD"), 2) -> 17
... A400: 396 | B400: 2011-01-17 | C400: 1 | D400: =VLOOKUP(C400, Lookups_Metadata!$A$4:$B$7, 2, FALSE()) -> Spring | E400: 0 | F400: 1 | G400: 23 | H400: =TRUE() -> TRUE | I400: 1 | J400: =INDEX(Lookups_Metadata!$E$4:$E$10, MATCH(I400, Lookups_Metadata!$D$4:$D$10, 0)) -> Monday | K400: =IF(H400=TRUE(), "Holiday", IF(OR(I400=0, I400=6), "Weekend", "Weekday")) -> Holiday | L400: =IF(AND(K400="Weekday", OR(AND(G400>=7, G400<=9), AND(G400>=17, G400<=19))), "Peak Commute", "Off-Peak") -> Off-Peak | M400: 3 | N400: =VLOOKUP(M400, Lookups_Metadata!$G$4:$H$7, 2, FALSE()) -> Light Snow / Light Rain | O400: 0.16 | P400: 0.1364 | Q400: =IF(OR(P400="", ISBLANK(P400)), ROUND(0.9367*O400+0.0175, 4), P400) -> 0.1364 | R400: =IF(OR(P400="", ISBLANK(P400)), "Imputed (Regression/Trend)", "Original") -> Original | S400: 0.86 | T400: 0.2836 | U400: 1 | V400: 3 | W400: =U400+V400 -> 4 | X400: =U400/W400 -> 0.25 | Y400: =V400/W400 -> 0.75 | Z400: =IF(W400>=150, "High Demand", IF(W400>=50, "Moderate Demand", "Low Demand")) -> Low Demand | AA400: =TEXT(G400, "00") & ":00" -> 23:00 | AB400: =YEAR(B400) -> 2011 | AC400: =TEXT(B400, "mmmm") -> January | AD400: =LEN(TEXT(B400, "YYYY-MM-DD")) -> 10 | AE400: =LEFT(TEXT(B400, "YYYY-MM-DD"), 4) -> 2011 | AF400: =RIGHT(TEXT(B400, "YYYY-MM-DD"), 2) -> 17
A401: 397 | B401: 2011-01-18 | C401: 1 | D401: =VLOOKUP(C401, Lookups_Metadata!$A$4:$B$7, 2, FALSE()) -> Spring | E401: 0 | F401: 1 | G401: 12 | H401: =FALSE() -> FALSE | I401: 2 | J401: =INDEX(Lookups_Metadata!$E$4:$E$10, MATCH(I401, Lookups_Metadata!$D$4:$D$10, 0)) -> Tuesday | K401: =IF(H401=TRUE(), "Holiday", IF(OR(I401=0, I401=6), "Weekend", "Weekday")) -> Weekday | L401: =IF(AND(K401="Weekday", OR(AND(G401>=7, G401<=9), AND(G401>=17, G401<=19))), "Peak Commute", "Off-Peak") -> Off-Peak | M401: 2 | N401: =VLOOKUP(M401, Lookups_Metadata!$G$4:$H$7, 2, FALSE()) -> Mist / Cloudy | O401: 0.2 | P401: 0.1818 | Q401: =IF(OR(P401="", ISBLANK(P401)), ROUND(0.9367*O401+0.0175, 4), P401) -> 0.1818 | R401: =IF(OR(P401="", ISBLANK(P401)), "Imputed (Regression/Trend)", "Original") -> Original | S401: 0.86 | T401: 0.3284 | U401: 0 | V401: 3 | W401: =U401+V401 -> 3 | X401: =U401/W401 -> 0 | Y401: =V401/W401 -> 1 | Z401: =IF(W401>=150, "High Demand", IF(W401>=50, "Moderate Demand", "Low Demand")) -> Low Demand | AA401: =TEXT(G401, "00") & ":00" -> 12:00 | AB401: =YEAR(B401) -> 2011 | AC401: =TEXT(B401, "mmmm") -> January | AD401: =LEN(TEXT(B401, "YYYY-MM-DD")) -> 10 | AE401: =LEFT(TEXT(B401, "YYYY-MM-DD"), 4) -> 2011 | AF401: =RIGHT(TEXT(B401, "YYYY-MM-DD"), 2) -> 18
...

Sheet Statistical_Analysis
A1: NEXTHIKES IT SOLUTIONS | STATISTICAL ANALYSIS & CORRELATION ENGINE
A2: Descriptive Metrics, Correlation Matrix, and Conditional Aggregations (STDEV, CORREL, COUNTIF, SUMIF)
A4: 1. Descriptive Statistics Overview (All 1,000 Hourly Intervals)
A5: Metric | B5: Temperature (Norm) | C5: Feeling Temp (Norm) | D5: Humidity (Norm) | E5: Windspeed (Norm) | F5: Casual Rentals | G5: Registered Rentals | H5: Total Demand (cnt)
A6: Observation Count | B6: =COUNT(Master_Cleaned_Data!O5:O1004) -> 1000 | C6: =COUNT(Master_Cleaned_Data!Q5:Q1004) -> 1000 | D6: =COUNT(Master_Cleaned_Data!S5:S1004) -> 1000 | E6: =COUNT(Master_Cleaned_Data!T5:T1004) -> 1000 | F6: =COUNT(Master_Cleaned_Data!U5:U1004) -> 1000 | G6: =COUNT(Master_Cleaned_Data!V5:V1004) -> 1000 | H6: =COUNT(Master_Cleaned_Data!W5:W1004) -> 1000
A7: Sum / Total | B7: =SUM(Master_Cleaned_Data!O5:O1004) -> 205.9 | C7: =SUM(Master_Cleaned_Data!Q5:Q1004) -> 213.0409 | D7: =SUM(Master_Cleaned_Data!S5:S1004) -> 582.48 | E7: =SUM(Master_Cleaned_Data!T5:T1004) -> 194.9313 | F7: =SUM(Master_Cleaned_Data!U5:U1004) -> 4921 | G7: =SUM(Master_Cleaned_Data!V5:V1004) -> 53383 | H7: =SUM(Master_Cleaned_Data!W5:W1004) -> 58304
A8: Mean / Average | B8: =AVERAGE(Master_Cleaned_Data!O5:O1004) -> 0.2059 | C8: =AVERAGE(Master_Cleaned_Data!Q5:Q1004) -> 0.2130409 | D8: =AVERAGE(Master_Cleaned_Data!S5:S1004) -> 0.58248 | E8: =AVERAGE(Master_Cleaned_Data!T5:T1004) -> 0.1949313 | F8: =AVERAGE(Master_Cleaned_Data!U5:U1004) -> 4.921 | G8: =AVERAGE(Master_Cleaned_Data!V5:V1004) -> 53.383 | H8: =AVERAGE(Master_Cleaned_Data!W5:W1004) -> 58.304
A9: Median | B9: =MEDIAN(Master_Cleaned_Data!O5:O1004) -> 0.2 | C9: =MEDIAN(Master_Cleaned_Data!Q5:Q1004) -> 0.2121 | D9: =MEDIAN(Master_Cleaned_Data!S5:S1004) -> 0.55 | E9: =MEDIAN(Master_Cleaned_Data!T5:T1004) -> 0.1642 | F9: =MEDIAN(Master_Cleaned_Data!U5:U1004) -> 3 | G9: =MEDIAN(Master_Cleaned_Data!V5:V1004) -> 46 | H9: =MEDIAN(Master_Cleaned_Data!W5:W1004) -> 49
A10: Minimum | B10: =MIN(Master_Cleaned_Data!O5:O1004) -> 0.02 | C10: =MIN(Master_Cleaned_Data!Q5:Q1004) -> 0 | D10: =MIN(Master_Cleaned_Data!S5:S1004) -> 0.21 | E10: =MIN(Master_Cleaned_Data!T5:T1004) -> 0 | F10: =MIN(Master_Cleaned_Data!U5:U1004) -> 0 | G10: =MIN(Master_Cleaned_Data!V5:V1004) -> 0 | H10: =MIN(Master_Cleaned_Data!W5:W1004) -> 1
A11: Maximum | B11: =MAX(Master_Cleaned_Data!O5:O1004) -> 0.46 | C11: =MAX(Master_Cleaned_Data!Q5:Q1004) -> 0.4545 | D11: =MAX(Master_Cleaned_Data!S5:S1004) -> 1 | E11: =MAX(Master_Cleaned_Data!T5:T1004) -> 0.5821 | F11: =MAX(Master_Cleaned_Data!U5:U1004) -> 62 | G11: =MAX(Master_Cleaned_Data!V5:V1004) -> 247 | H11: =MAX(Master_Cleaned_Data!W5:W1004) -> 249
A12: Standard Deviation | B12: =STDEV(Master_Cleaned_Data!O5:O1004) -> 0.078977386 | C12: =STDEV(Master_Cleaned_Data!Q5:Q1004) -> 0.077682889 | D12: =STDEV(Master_Cleaned_Data!S5:S1004) -> 0.18797709 | E12: =STDEV(Master_Cleaned_Data!T5:T1004) -> 0.12912607 | F12: =STDEV(Master_Cleaned_Data!U5:U1004) -> 7.6438988 | G12: =STDEV(Master_Cleaned_Data!V5:V1004) -> 47.893968 | H12: =STDEV(Master_Cleaned_Data!W5:W1004) -> 50.985558
A13: Sample Variance | B13: =VAR(Master_Cleaned_Data!O5:O1004) -> 0.0062374274 | C13: =VAR(Master_Cleaned_Data!Q5:Q1004) -> 0.0060346312 | D13: =VAR(Master_Cleaned_Data!S5:S1004) -> 0.035335385 | E13: =VAR(Master_Cleaned_Data!T5:T1004) -> 0.016673541 | F13: =VAR(Master_Cleaned_Data!U5:U1004) -> 58.429188 | G13: =VAR(Master_Cleaned_Data!V5:V1004) -> 2293.8321 | H13: =VAR(Master_Cleaned_Data!W5:W1004) -> 2599.5271
A14: Skewness | B14: =SKEW(Master_Cleaned_Data!O5:O1004) -> 0.54799688 | C14: =SKEW(Master_Cleaned_Data!Q5:Q1004) -> 0.46124539 | D14: =SKEW(Master_Cleaned_Data!S5:S1004) -> 0.43689346 | E14: =SKEW(Master_Cleaned_Data!T5:T1004) -> 0.43367506 | F14: =SKEW(Master_Cleaned_Data!U5:U1004) -> 3.414105 | G14: =SKEW(Master_Cleaned_Data!V5:V1004) -> 1.2967233 | H14: =SKEW(Master_Cleaned_Data!W5:W1004) -> 1.1377091
A16: 2. Pearson Correlation Matrix (CORREL Analysis with Total Demand & Factors)
A17: Factor | B17: temp | C17: atemp | D17: hum | E17: windspeed | F17: casual | G17: registered | H17: cnt
A18: temp (O) | B18: =CORREL(Master_Cleaned_Data!$O$5:$O$1004, Master_Cleaned_Data!$O$5:$O$1004) -> 1 | C18: =CORREL(Master_Cleaned_Data!$O$5:$O$1004, Master_Cleaned_Data!$Q$5:$Q$1004) -> 0.93403298 | D18: =CORREL(Master_Cleaned_Data!$O$5:$O$1004, Master_Cleaned_Data!$S$5:$S$1004) -> 0.080720147 | E18: =CORREL(Master_Cleaned_Data!$O$5:$O$1004, Master_Cleaned_Data!$T$5:$T$1004) -> 0.12262533 | F18: =CORREL(Master_Cleaned_Data!$O$5:$O$1004, Master_Cleaned_Data!$U$5:$U$1004) -> 0.47022073 | G18: =CORREL(Master_Cleaned_Data!$O$5:$O$1004, Master_Cleaned_Data!$V$5:$V$1004) -> 0.16904505 | H18: =CORREL(Master_Cleaned_Data!$O$5:$O$1004, Master_Cleaned_Data!$W$5:$W$1004) -> 0.22929155
A19: atemp (Q) | B19: =CORREL(Master_Cleaned_Data!$Q$5:$Q$1004, Master_Cleaned_Data!$O$5:$O$1004) -> 0.93403298 | C19: =CORREL(Master_Cleaned_Data!$Q$5:$Q$1004, Master_Cleaned_Data!$Q$5:$Q$1004) -> 1 | D19: =CORREL(Master_Cleaned_Data!$Q$5:$Q$1004, Master_Cleaned_Data!$S$5:$S$1004) -> 0.20637774 | E19: =CORREL(Master_Cleaned_Data!$Q$5:$Q$1004, Master_Cleaned_Data!$T$5:$T$1004) -> -0.20173611 | F19: =CORREL(Master_Cleaned_Data!$Q$5:$Q$1004, Master_Cleaned_Data!$U$5:$U$1004) -> 0.42163715 | G19: =CORREL(Master_Cleaned_Data!$Q$5:$Q$1004, Master_Cleaned_Data!$V$5:$V$1004) -> 0.12751572 | H19: =CORREL(Master_Cleaned_Data!$Q$5:$Q$1004, Master_Cleaned_Data!$W$5:$W$1004) -> 0.18299663
A20: hum (S) | B20: =CORREL(Master_Cleaned_Data!$S$5:$S$1004, Master_Cleaned_Data!$O$5:$O$1004) -> 0.080720147 | C20: =CORREL(Master_Cleaned_Data!$S$5:$S$1004, Master_Cleaned_Data!$Q$5:$Q$1004) -> 0.20637774 | D20: =CORREL(Master_Cleaned_Data!$S$5:$S$1004, Master_Cleaned_Data!$S$5:$S$1004) -> 1 | E20: =CORREL(Master_Cleaned_Data!$S$5:$S$1004, Master_Cleaned_Data!$T$5:$T$1004) -> -0.38555035 | F20: =CORREL(Master_Cleaned_Data!$S$5:$S$1004, Master_Cleaned_Data!$U$5:$U$1004) -> -0.25940745 | G20: =CORREL(Master_Cleaned_Data!$S$5:$S$1004, Master_Cleaned_Data!$V$5:$V$1004) -> -0.22937044 | H20: =CORREL(Master_Cleaned_Data!$S$5:$S$1004, Master_Cleaned_Data!$W$5:$W$1004) -> -0.2543533
A21: windspeed (T) | B21: =CORREL(Master_Cleaned_Data!$T$5:$T$1004, Master_Cleaned_Data!$O$5:$O$1004) -> 0.12262533 | C21: =CORREL(Master_Cleaned_Data!$T$5:$T$1004, Master_Cleaned_Data!$Q$5:$Q$1004) -> -0.20173611 | D21: =CORREL(Master_Cleaned_Data!$T$5:$T$1004, Master_Cleaned_Data!$S$5:$S$1004) -> -0.38555035 | E21: =CORREL(Master_Cleaned_Data!$T$5:$T$1004, Master_Cleaned_Data!$T$5:$T$1004) -> 1 | F21: =CORREL(Master_Cleaned_Data!$T$5:$T$1004, Master_Cleaned_Data!$U$5:$U$1004) -> 0.12939194 | G21: =CORREL(Master_Cleaned_Data!$T$5:$T$1004, Master_Cleaned_Data!$V$5:$V$1004) -> 0.090058729 | H21: =CORREL(Master_Cleaned_Data!$T$5:$T$1004, Master_Cleaned_Data!$W$5:$W$1004) -> 0.10399668
A22: casual (U) | B22: =CORREL(Master_Cleaned_Data!$U$5:$U$1004, Master_Cleaned_Data!$O$5:$O$1004) -> 0.47022073 | C22: =CORREL(Master_Cleaned_Data!$U$5:$U$1004, Master_Cleaned_Data!$Q$5:$Q$1004) -> 0.42163715 | D22: =CORREL(Master_Cleaned_Data!$U$5:$U$1004, Master_Cleaned_Data!$S$5:$S$1004) -> -0.25940745 | E22: =CORREL(Master_Cleaned_Data!$U$5:$U$1004, Master_Cleaned_Data!$T$5:$T$1004) -> 0.12939194 | F22: =CORREL(Master_Cleaned_Data!$U$5:$U$1004, Master_Cleaned_Data!$U$5:$U$1004) -> 1 | G22: =CORREL(Master_Cleaned_Data!$U$5:$U$1004, Master_Cleaned_Data!$V$5:$V$1004) -> 0.33770561 | H22: =CORREL(Master_Cleaned_Data!$U$5:$U$1004, Master_Cleaned_Data!$W$5:$W$1004) -> 0.46715112
A23: registered (V) | B23: =CORREL(Master_Cleaned_Data!$V$5:$V$1004, Master_Cleaned_Data!$O$5:$O$1004) -> 0.16904505 | C23: =CORREL(Master_Cleaned_Data!$V$5:$V$1004, Master_Cleaned_Data!$Q$5:$Q$1004) -> 0.12751572 | D23: =CORREL(Master_Cleaned_Data!$V$5:$V$1004, Master_Cleaned_Data!$S$5:$S$1004) -> -0.22937044 | E23: =CORREL(Master_Cleaned_Data!$V$5:$V$1004, Master_Cleaned_Data!$T$5:$T$1004) -> 0.090058729 | F23: =CORREL(Master_Cleaned_Data!$V$5:$V$1004, Master_Cleaned_Data!$U$5:$U$1004) -> 0.33770561 | G23: =CORREL(Master_Cleaned_Data!$V$5:$V$1004, Master_Cleaned_Data!$V$5:$V$1004) -> 1 | H23: =CORREL(Master_Cleaned_Data!$V$5:$V$1004, Master_Cleaned_Data!$W$5:$W$1004) -> 0.98999319
A24: cnt (W) | B24: =CORREL(Master_Cleaned_Data!$W$5:$W$1004, Master_Cleaned_Data!$O$5:$O$1004) -> 0.22929155 | C24: =CORREL(Master_Cleaned_Data!$W$5:$W$1004, Master_Cleaned_Data!$Q$5:$Q$1004) -> 0.18299663 | D24: =CORREL(Master_Cleaned_Data!$W$5:$W$1004, Master_Cleaned_Data!$S$5:$S$1004) -> -0.2543533 | E24: =CORREL(Master_Cleaned_Data!$W$5:$W$1004, Master_Cleaned_Data!$T$5:$T$1004) -> 0.10399668 | F24: =CORREL(Master_Cleaned_Data!$W$5:$W$1004, Master_Cleaned_Data!$U$5:$U$1004) -> 0.46715112 | G24: =CORREL(Master_Cleaned_Data!$W$5:$W$1004, Master_Cleaned_Data!$V$5:$V$1004) -> 0.98999319 | H24: =CORREL(Master_Cleaned_Data!$W$5:$W$1004, Master_Cleaned_Data!$W$5:$W$1004) -> 1
A27: 3. Segment Performance Breakdown via Conditional Aggregation Formulas
A28: Segment / Factor | B28: Filter Condition | C28: Hours (COUNTIF) | D28: Total Rentals (SUMIF) | E28: Avg Demand/Hr (AVERAGEIF) | F28: Casual Rentals (SUMIF) | G28: Registered Rentals (SUMIF) | H28: Commuter Share %
A29: Weather 1: Clear / Few Clouds | B29: weathersit = 1 | C29: =COUNTIF(Master_Cleaned_Data!M5:M1004, 1) -> 606 | D29: =SUMIF(Master_Cleaned_Data!M5:M1004, 1, Master_Cleaned_Data!W5:W1004) -> 37373 | E29: =AVERAGEIF(Master_Cleaned_Data!M5:M1004, 1, Master_Cleaned_Data!W5:W1004) -> 61.671617 | F29: =SUMIF(Master_Cleaned_Data!M5:M1004, 1, Master_Cleaned_Data!U5:U1004) -> 3211 | G29: =SUMIF(Master_Cleaned_Data!M5:M1004, 1, Master_Cleaned_Data!V5:V1004) -> 34162 | H29: =G29/D29 -> 0.91408236
A30: Weather 2: Mist / Overcast | B30: weathersit = 2 | C30: =COUNTIF(Master_Cleaned_Data!M5:M1004, 2) -> 309 | D30: =SUMIF(Master_Cleaned_Data!M5:M1004, 2, Master_Cleaned_Data!W5:W1004) -> 18106 | E30: =AVERAGEIF(Master_Cleaned_Data!M5:M1004, 2, Master_Cleaned_Data!W5:W1004) -> 58.595469 | F30: =SUMIF(Master_Cleaned_Data!M5:M1004, 2, Master_Cleaned_Data!U5:U1004) -> 1538 | G30: =SUMIF(Master_Cleaned_Data!M5:M1004, 2, Master_Cleaned_Data!V5:V1004) -> 16568 | H30: =G30/D30 -> 0.91505578
A31: Weather 3: Light Rain / Snow | B31: weathersit = 3 | C31: =COUNTIF(Master_Cleaned_Data!M5:M1004, 3) -> 84 | D31: =SUMIF(Master_Cleaned_Data!M5:M1004, 3, Master_Cleaned_Data!W5:W1004) -> 2789 | E31: =AVERAGEIF(Master_Cleaned_Data!M5:M1004, 3, Master_Cleaned_Data!W5:W1004) -> 33.202381 | F31: =SUMIF(Master_Cleaned_Data!M5:M1004, 3, Master_Cleaned_Data!U5:U1004) -> 171 | G31: =SUMIF(Master_Cleaned_Data!M5:M1004, 3, Master_Cleaned_Data!V5:V1004) -> 2618 | H31: =G31/D31 -> 0.9386877
A32: Weather 4: Heavy Precipitation | B32: weathersit = 4 | C32: =COUNTIF(Master_Cleaned_Data!M5:M1004, 4) -> 1 | D32: =SUMIF(Master_Cleaned_Data!M5:M1004, 4, Master_Cleaned_Data!W5:W1004) -> 36 | E32: =AVERAGEIF(Master_Cleaned_Data!M5:M1004, 4, Master_Cleaned_Data!W5:W1004) -> 36 | F32: =SUMIF(Master_Cleaned_Data!M5:M1004, 4, Master_Cleaned_Data!U5:U1004) -> 1 | G32: =SUMIF(Master_Cleaned_Data!M5:M1004, 4, Master_Cleaned_Data!V5:V1004) -> 35 | H32: =G32/D32 -> 0.97222222
A33: Weekday Operations | B33: Day_Type = "Weekday" | C33: =COUNTIF(Master_Cleaned_Data!K5:K1004, "Weekday") -> 646 | D33: =SUMIF(Master_Cleaned_Data!K5:K1004, "Weekday", Master_Cleaned_Data!W5:W1004) -> 41435 | E33: =AVERAGEIF(Master_Cleaned_Data!K5:K1004, "Weekday", Master_Cleaned_Data!W5:W1004) -> 64.140867 | F33: =SUMIF(Master_Cleaned_Data!K5:K1004, "Weekday", Master_Cleaned_Data!U5:U1004) -> 2102 | G33: =SUMIF(Master_Cleaned_Data!K5:K1004, "Weekday", Master_Cleaned_Data!V5:V1004) -> 39333 | H33: =G33/D33 -> 0.94926994
A34: Weekend Leisure | B34: Day_Type = "Weekend" | C34: =COUNTIF(Master_Cleaned_Data!K5:K1004, "Weekend") -> 330 | D34: =SUMIF(Master_Cleaned_Data!K5:K1004, "Weekend", Master_Cleaned_Data!W5:W1004) -> 15869 | E34: =AVERAGEIF(Master_Cleaned_Data!K5:K1004, "Weekend", Master_Cleaned_Data!W5:W1004) -> 48.087879 | F34: =SUMIF(Master_Cleaned_Data!K5:K1004, "Weekend", Master_Cleaned_Data!U5:U1004) -> 2702 | G34: =SUMIF(Master_Cleaned_Data!K5:K1004, "Weekend", Master_Cleaned_Data!V5:V1004) -> 13167 | H34: =G34/D34 -> 0.82973092
A35: Official Holidays | B35: holiday = TRUE | C35: =COUNTIF(Master_Cleaned_Data!H5:H1004, TRUE()) -> 24 | D35: =SUMIF(Master_Cleaned_Data!H5:H1004, TRUE(), Master_Cleaned_Data!W5:W1004) -> 1000 | E35: =AVERAGEIF(Master_Cleaned_Data!H5:H1004, TRUE(), Master_Cleaned_Data!W5:W1004) -> 41.666667 | F35: =SUMIF(Master_Cleaned_Data!H5:H1004, TRUE(), Master_Cleaned_Data!U5:U1004) -> 117 | G35: =SUMIF(Master_Cleaned_Data!H5:H1004, TRUE(), Master_Cleaned_Data!V5:V1004) -> 883 | H35: =G35/D35 -> 0.883
A36: Peak Commute Hours | B36: Rush_Hour = "Peak Commute" | C36: =COUNTIF(Master_Cleaned_Data!L5:L1004, "Peak Commute") -> 167 | D36: =SUMIF(Master_Cleaned_Data!L5:L1004, "Peak Commute", Master_Cleaned_Data!W5:W1004) -> 22636 | E36: =AVERAGEIF(Master_Cleaned_Data!L5:L1004, "Peak Commute", Master_Cleaned_Data!W5:W1004) -> 135.54491 | F36: =SUMIF(Master_Cleaned_Data!L5:L1004, "Peak Commute", Master_Cleaned_Data!U5:U1004) -> 668 | G36: =SUMIF(Master_Cleaned_Data!L5:L1004, "Peak Commute", Master_Cleaned_Data!V5:V1004) -> 21968 | H36: =G36/D36 -> 0.97048949
A37: Off-Peak Hours | B37: Rush_Hour = "Off-Peak" | C37: =COUNTIF(Master_Cleaned_Data!L5:L1004, "Off-Peak") -> 833 | D37: =SUMIF(Master_Cleaned_Data!L5:L1004, "Off-Peak", Master_Cleaned_Data!W5:W1004) -> 35668 | E37: =AVERAGEIF(Master_Cleaned_Data!L5:L1004, "Off-Peak", Master_Cleaned_Data!W5:W1004) -> 42.818727 | F37: =SUMIF(Master_Cleaned_Data!L5:L1004, "Off-Peak", Master_Cleaned_Data!U5:U1004) -> 4253 | G37: =SUMIF(Master_Cleaned_Data!L5:L1004, "Off-Peak", Master_Cleaned_Data!V5:V1004) -> 31415 | H37: =G37/D37 -> 0.88076147
A38: Month: January 2011 | B38: mnth = 1 | C38: =COUNTIF(Master_Cleaned_Data!F5:F1004, 1) -> 688 | D38: =SUMIF(Master_Cleaned_Data!F5:F1004, 1, Master_Cleaned_Data!W5:W1004) -> 38189 | E38: =AVERAGEIF(Master_Cleaned_Data!F5:F1004, 1, Master_Cleaned_Data!W5:W1004) -> 55.507267 | F38: =SUMIF(Master_Cleaned_Data!F5:F1004, 1, Master_Cleaned_Data!U5:U1004) -> 3073 | G38: =SUMIF(Master_Cleaned_Data!F5:F1004, 1, Master_Cleaned_Data!V5:V1004) -> 35116 | H38: =G38/D38 -> 0.9195318
A39: Month: February 2011 | B39: mnth = 2 | C39: =COUNTIF(Master_Cleaned_Data!F5:F1004, 2) -> 312 | D39: =SUMIF(Master_Cleaned_Data!F5:F1004, 2, Master_Cleaned_Data!W5:W1004) -> 20115 | E39: =AVERAGEIF(Master_Cleaned_Data!F5:F1004, 2, Master_Cleaned_Data!W5:W1004) -> 64.471154 | F39: =SUMIF(Master_Cleaned_Data!F5:F1004, 2, Master_Cleaned_Data!U5:U1004) -> 1848 | G39: =SUMIF(Master_Cleaned_Data!F5:F1004, 2, Master_Cleaned_Data!V5:V1004) -> 18267 | H39: =G39/D39 -> 0.90812826

Sheet Pivot_Summaries
A1: NEXTHIKES IT SOLUTIONS | PIVOT ANALYSIS & MULTI-DIMENSIONAL AGGREGATIONS
A2: Summary Tables by Time of Day, Day of Week, Rider Segmentation, and Temperature Tiers
A4: Table 1: Hourly Demand Profile & Commuter Rhythm (24-Hour Cycle)
A5: Hour Code | B5: Time Slot | C5: Tracked Hours | D5: Avg Casual | E5: Avg Registered | F5: Avg Total Demand | G5: Peak Recorded | H5: Registered Ratio
A6: 0 | B6: 00:00 | C6: =COUNTIF(Master_Cleaned_Data!G5:G1004, 0) -> 43 | D6: =AVERAGEIF(Master_Cleaned_Data!G5:G1004, 0, Master_Cleaned_Data!U5:U1004) -> 1.7209302 | E6: =AVERAGEIF(Master_Cleaned_Data!G5:G1004, 0, Master_Cleaned_Data!V5:V1004) -> 14.627907 | F6: =AVERAGEIF(Master_Cleaned_Data!G5:G1004, 0, Master_Cleaned_Data!W5:W1004) -> 16.348837 | G6: 39 | H6: =E6/F6 -> 0.89473684
A7: 1 | B7: 01:00 | C7: =COUNTIF(Master_Cleaned_Data!G5:G1004, 1) -> 43 | D7: =AVERAGEIF(Master_Cleaned_Data!G5:G1004, 1, Master_Cleaned_Data!U5:U1004) -> 1.1162791 | E7: =AVERAGEIF(Master_Cleaned_Data!G5:G1004, 1, Master_Cleaned_Data!V5:V1004) -> 9.5813953 | F7: =AVERAGEIF(Master_Cleaned_Data!G5:G1004, 1, Master_Cleaned_Data!W5:W1004) -> 10.697674 | G7: 44 | H7: =E7/F7 -> 0.89565217
A8: 2 | B8: 02:00 | C8: =COUNTIF(Master_Cleaned_Data!G5:G1004, 2) -> 41 | D8: =AVERAGEIF(Master_Cleaned_Data!G5:G1004, 2, Master_Cleaned_Data!U5:U1004) -> 0.80487805 | E8: =AVERAGEIF(Master_Cleaned_Data!G5:G1004, 2, Master_Cleaned_Data!V5:V1004) -> 6.3658537 | F8: =AVERAGEIF(Master_Cleaned_Data!G5:G1004, 2, Master_Cleaned_Data!W5:W1004) -> 7.1707317 | G8: 32 | H8: =E8/F8 -> 0.8877551
A9: 3 | B9: 03:00 | C9: =COUNTIF(Master_Cleaned_Data!G5:G1004, 3) -> 31 | D9: =AVERAGEIF(Master_Cleaned_Data!G5:G1004, 3, Master_Cleaned_Data!U5:U1004) -> 1.0967742 | E9: =AVERAGEIF(Master_Cleaned_Data!G5:G1004, 3, Master_Cleaned_Data!V5:V1004) -> 3.7741935 | F9: =AVERAGEIF(Master_Cleaned_Data!G5:G1004, 3, Master_Cleaned_Data!W5:W1004) -> 4.8709677 | G9: 15 | H9: =E9/F9 -> 0.77483444
A10: 4 | B10: 04:00 | C10: =COUNTIF(Master_Cleaned_Data!G5:G1004, 4) -> 32 | D10: =AVERAGEIF(Master_Cleaned_Data!G5:G1004, 4, Master_Cleaned_Data!U5:U1004) -> 0.21875 | E10: =AVERAGEIF(Master_Cleaned_Data!G5:G1004, 4, Master_Cleaned_Data!V5:V1004) -> 1.9375 | F10: =AVERAGEIF(Master_Cleaned_Data!G5:G1004, 4, Master_Cleaned_Data!W5:W1004) -> 2.15625 | G10: 8 | H10: =E10/F10 -> 0.89855072
A11: 5 | B11: 05:00 | C11: =COUNTIF(Master_Cleaned_Data!G5:G1004, 5) -> 39 | D11: =AVERAGEIF(Master_Cleaned_Data!G5:G1004, 5, Master_Cleaned_Data!U5:U1004) -> 0.076923077 | E11: =AVERAGEIF(Master_Cleaned_Data!G5:G1004, 5, Master_Cleaned_Data!V5:V1004) -> 4.1282051 | F11: =AVERAGEIF(Master_Cleaned_Data!G5:G1004, 5, Master_Cleaned_Data!W5:W1004) -> 4.2051282 | G11: 10 | H11: =E11/F11 -> 0.98170732
A12: 6 | B12: 06:00 | C12: =COUNTIF(Master_Cleaned_Data!G5:G1004, 6) -> 42 | D12: =AVERAGEIF(Master_Cleaned_Data!G5:G1004, 6, Master_Cleaned_Data!U5:U1004) -> 0.5 | E12: =AVERAGEIF(Master_Cleaned_Data!G5:G1004, 6, Master_Cleaned_Data!V5:V1004) -> 19.071429 | F12: =AVERAGEIF(Master_Cleaned_Data!G5:G1004, 6, Master_Cleaned_Data!W5:W1004) -> 19.571429 | G12: 43 | H12: =E12/F12 -> 0.97445255
A13: 7 | B13: 07:00 | C13: =COUNTIF(Master_Cleaned_Data!G5:G1004, 7) -> 43 | D13: =AVERAGEIF(Master_Cleaned_Data!G5:G1004, 7, Master_Cleaned_Data!U5:U1004) -> 1.4883721 | E13: =AVERAGEIF(Master_Cleaned_Data!G5:G1004, 7, Master_Cleaned_Data!V5:V1004) -> 52.906977 | F13: =AVERAGEIF(Master_Cleaned_Data!G5:G1004, 7, Master_Cleaned_Data!W5:W1004) -> 54.395349 | G13: 108 | H13: =E13/F13 -> 0.97263788
A14: 8 | B14: 08:00 | C14: =COUNTIF(Master_Cleaned_Data!G5:G1004, 8) -> 42 | D14: =AVERAGEIF(Master_Cleaned_Data!G5:G1004, 8, Master_Cleaned_Data!U5:U1004) -> 3.0238095 | E14: =AVERAGEIF(Master_Cleaned_Data!G5:G1004, 8, Master_Cleaned_Data!V5:V1004) -> 125.2619 | F14: =AVERAGEIF(Master_Cleaned_Data!G5:G1004, 8, Master_Cleaned_Data!W5:W1004) -> 128.28571 | G14: 249 | H14: =E14/F14 -> 0.9764291
A15: 9 | B15: 09:00 | C15: =COUNTIF(Master_Cleaned_Data!G5:G1004, 9) -> 42 | D15: =AVERAGEIF(Master_Cleaned_Data!G5:G1004, 9, Master_Cleaned_Data!U5:U1004) -> 4.0952381 | E15: =AVERAGEIF(Master_Cleaned_Data!G5:G1004, 9, Master_Cleaned_Data!V5:V1004) -> 83.333333 | F15: =AVERAGEIF(Master_Cleaned_Data!G5:G1004, 9, Master_Cleaned_Data!W5:W1004) -> 87.428571 | G15: 166 | H15: =E15/F15 -> 0.95315904
A16: 10 | B16: 10:00 | C16: =COUNTIF(Master_Cleaned_Data!G5:G1004, 10) -> 42 | D16: =AVERAGEIF(Master_Cleaned_Data!G5:G1004, 10, Master_Cleaned_Data!U5:U1004) -> 5.1428571 | E16: =AVERAGEIF(Master_Cleaned_Data!G5:G1004, 10, Master_Cleaned_Data!V5:V1004) -> 48.5 | F16: =AVERAGEIF(Master_Cleaned_Data!G5:G1004, 10, Master_Cleaned_Data!W5:W1004) -> 53.642857 | G16: 105 | H16: =E16/F16 -> 0.90412783
A17: 11 | B17: 11:00 | C17: =COUNTIF(Master_Cleaned_Data!G5:G1004, 11) -> 42 | D17: =AVERAGEIF(Master_Cleaned_Data!G5:G1004, 11, Master_Cleaned_Data!U5:U1004) -> 8.7380952 | E17: =AVERAGEIF(Master_Cleaned_Data!G5:G1004, 11, Master_Cleaned_Data!V5:V1004) -> 50.642857 | F17: =AVERAGEIF(Master_Cleaned_Data!G5:G1004, 11, Master_Cleaned_Data!W5:W1004) -> 59.380952 | G17: 117 | H17: =E17/F17 -> 0.85284683
A18: 12 | B18: 12:00 | C18: =COUNTIF(Master_Cleaned_Data!G5:G1004, 12) -> 43 | D18: =AVERAGEIF(Master_Cleaned_Data!G5:G1004, 12, Master_Cleaned_Data!U5:U1004) -> 11.209302 | E18: =AVERAGEIF(Master_Cleaned_Data!G5:G1004, 12, Master_Cleaned_Data!V5:V1004) -> 65.139535 | F18: =AVERAGEIF(Master_Cleaned_Data!G5:G1004, 12, Master_Cleaned_Data!W5:W1004) -> 76.348837 | G18: 174 | H18: =E18/F18 -> 0.85318306
A19: 13 | B19: 13:00 | C19: =COUNTIF(Master_Cleaned_Data!G5:G1004, 13) -> 43 | D19: =AVERAGEIF(Master_Cleaned_Data!G5:G1004, 13, Master_Cleaned_Data!U5:U1004) -> 11.930233 | E19: =AVERAGEIF(Master_Cleaned_Data!G5:G1004, 13, Master_Cleaned_Data!V5:V1004) -> 66.581395 | F19: =AVERAGEIF(Master_Cleaned_Data!G5:G1004, 13, Master_Cleaned_Data!W5:W1004) -> 78.511628 | G19: 182 | H19: =E19/F19 -> 0.84804502
A20: 14 | B20: 14:00 | C20: =COUNTIF(Master_Cleaned_Data!G5:G1004, 14) -> 43 | D20: =AVERAGEIF(Master_Cleaned_Data!G5:G1004, 14, Master_Cleaned_Data!U5:U1004) -> 10.837209 | E20: =AVERAGEIF(Master_Cleaned_Data!G5:G1004, 14, Master_Cleaned_Data!V5:V1004) -> 63.581395 | F20: =AVERAGEIF(Master_Cleaned_Data!G5:G1004, 14, Master_Cleaned_Data!W5:W1004) -> 74.418605 | G20: 161 | H20: =E20/F20 -> 0.854375
A21: 15 | B21: 15:00 | C21: =COUNTIF(Master_Cleaned_Data!G5:G1004, 15) -> 43 | D21: =AVERAGEIF(Master_Cleaned_Data!G5:G1004, 15, Master_Cleaned_Data!U5:U1004) -> 12.465116 | E21: =AVERAGEIF(Master_Cleaned_Data!G5:G1004, 15, Master_Cleaned_Data!V5:V1004) -> 65.488372 | F21: =AVERAGEIF(Master_Cleaned_Data!G5:G1004, 15, Master_Cleaned_Data!W5:W1004) -> 77.953488 | G21: 182 | H21: =E21/F21 -> 0.84009547
A22: 16 | B22: 16:00 | C22: =COUNTIF(Master_Cleaned_Data!G5:G1004, 16) -> 44 | D22: =AVERAGEIF(Master_Cleaned_Data!G5:G1004, 16, Master_Cleaned_Data!U5:U1004) -> 11.204545 | E22: =AVERAGEIF(Master_Cleaned_Data!G5:G1004, 16, Master_Cleaned_Data!V5:V1004) -> 78.068182 | F22: =AVERAGEIF(Master_Cleaned_Data!G5:G1004, 16, Master_Cleaned_Data!W5:W1004) -> 89.272727 | G22: 157 | H22: =E22/F22 -> 0.87449084
A23: 17 | B23: 17:00 | C23: =COUNTIF(Master_Cleaned_Data!G5:G1004, 17) -> 44 | D23: =AVERAGEIF(Master_Cleaned_Data!G5:G1004, 17, Master_Cleaned_Data!U5:U1004) -> 8.9772727 | E23: =AVERAGEIF(Master_Cleaned_Data!G5:G1004, 17, Master_Cleaned_Data!V5:V1004) -> 131.22727 | F23: =AVERAGEIF(Master_Cleaned_Data!G5:G1004, 17, Master_Cleaned_Data!W5:W1004) -> 140.20455 | G23: 222 | H23: =E23/F23 -> 0.93597017
A24: 18 | B24: 18:00 | C24: =COUNTIF(Master_Cleaned_Data!G5:G1004, 18) -> 43 | D24: =AVERAGEIF(Master_Cleaned_Data!G5:G1004, 18, Master_Cleaned_Data!U5:U1004) -> 5.1627907 | E24: =AVERAGEIF(Master_Cleaned_Data!G5:G1004, 18, Master_Cleaned_Data!V5:V1004) -> 117.69767 | F24: =AVERAGEIF(Master_Cleaned_Data!G5:G1004, 18, Master_Cleaned_Data!W5:W1004) -> 122.86047 | G24: 225 | H24: =E24/F24 -> 0.95797842
A25: 19 | B25: 19:00 | C25: =COUNTIF(Master_Cleaned_Data!G5:G1004, 19) -> 43 | D25: =AVERAGEIF(Master_Cleaned_Data!G5:G1004, 19, Master_Cleaned_Data!U5:U1004) -> 4.3488372 | E25: =AVERAGEIF(Master_Cleaned_Data!G5:G1004, 19, Master_Cleaned_Data!V5:V1004) -> 80.790698 | F25: =AVERAGEIF(Master_Cleaned_Data!G5:G1004, 19, Master_Cleaned_Data!W5:W1004) -> 85.139535 | G25: 152 | H25: =E25/F25 -> 0.94892106
A26: 20 | B26: 20:00 | C26: =COUNTIF(Master_Cleaned_Data!G5:G1004, 20) -> 43 | D26: =AVERAGEIF(Master_Cleaned_Data!G5:G1004, 20, Master_Cleaned_Data!U5:U1004) -> 3.255814 | E26: =AVERAGEIF(Master_Cleaned_Data!G5:G1004, 20, Master_Cleaned_Data!V5:V1004) -> 58.511628 | F26: =AVERAGEIF(Master_Cleaned_Data!G5:G1004, 20, Master_Cleaned_Data!W5:W1004) -> 61.767442 | G26: 126 | H26: =E26/F26 -> 0.94728916
A27: 21 | B27: 21:00 | C27: =COUNTIF(Master_Cleaned_Data!G5:G1004, 21) -> 43 | D27: =AVERAGEIF(Master_Cleaned_Data!G5:G1004, 21, Master_Cleaned_Data!U5:U1004) -> 2.7209302 | E27: =AVERAGEIF(Master_Cleaned_Data!G5:G1004, 21, Master_Cleaned_Data!V5:V1004) -> 43.697674 | F27: =AVERAGEIF(Master_Cleaned_Data!G5:G1004, 21, Master_Cleaned_Data!W5:W1004) -> 46.418605 | G27: 83 | H27: =E27/F27 -> 0.94138277
A28: 22 | B28: 22:00 | C28: =COUNTIF(Master_Cleaned_Data!G5:G1004, 22) -> 43 | D28: =AVERAGEIF(Master_Cleaned_Data!G5:G1004, 22, Master_Cleaned_Data!U5:U1004) -> 2.3953488 | E28: =AVERAGEIF(Master_Cleaned_Data!G5:G1004, 22, Master_Cleaned_Data!V5:V1004) -> 32.674419 | F28: =AVERAGEIF(Master_Cleaned_Data!G5:G1004, 22, Master_Cleaned_Data!W5:W1004) -> 35.069767 | G28: 62 | H28: =E28/F28 -> 0.93169761
A29: 23 | B29: 23:00 | C29: =COUNTIF(Master_Cleaned_Data!G5:G1004, 23) -> 43 | D29: =AVERAGEIF(Master_Cleaned_Data!G5:G1004, 23, Master_Cleaned_Data!U5:U1004) -> 2.3488372 | E29: =AVERAGEIF(Master_Cleaned_Data!G5:G1004, 23, Master_Cleaned_Data!V5:V1004) -> 22.837209 | F29: =AVERAGEIF(Master_Cleaned_Data!G5:G1004, 23, Master_Cleaned_Data!W5:W1004) -> 25.186047 | G29: 59 | H29: =E29/F29 -> 0.90674054
A30: 24-Hour Cycle Total | B30: All Hours | C30: =SUM(C6:C29) -> 1000 | D30: =AVERAGE(Master_Cleaned_Data!U5:U1004) -> 4.921 | E30: =AVERAGE(Master_Cleaned_Data!V5:V1004) -> 53.383 | F30: =AVERAGE(Master_Cleaned_Data!W5:W1004) -> 58.304 | G30: =MAX(G6:G29) -> 249 | H30: =E30/F30 -> 0.91559756
A33: Table 2: Day of Week Rental Distribution & User Dynamics
A34: Day Code | B34: Weekday Name | C34: Operating Type | D34: Tracked Hours | E34: Total Rides | F34: Hourly Average | G34: Casual Average | H34: Registered Average | I34: Casual Ratio
A35: 0 | B35: Sunday | C35: Weekend | D35: =COUNTIF(Master_Cleaned_Data!I5:I1004, 0) -> 164 | E35: =SUMIF(Master_Cleaned_Data!I5:I1004, 0, Master_Cleaned_Data!W5:W1004) -> 8121 | F35: =AVERAGEIF(Master_Cleaned_Data!I5:I1004, 0, Master_Cleaned_Data!W5:W1004) -> 49.518293 | G35: =AVERAGEIF(Master_Cleaned_Data!I5:I1004, 0, Master_Cleaned_Data!U5:U1004) -> 9.0060976 | H35: =AVERAGEIF(Master_Cleaned_Data!I5:I1004, 0, Master_Cleaned_Data!V5:V1004) -> 40.512195 | I35: =G35/F35 -> 0.18187415
A36: 1 | B36: Monday | C36: Weekday | D36: =COUNTIF(Master_Cleaned_Data!I5:I1004, 1) -> 149 | E36: =SUMIF(Master_Cleaned_Data!I5:I1004, 1, Master_Cleaned_Data!W5:W1004) -> 8450 | F36: =AVERAGEIF(Master_Cleaned_Data!I5:I1004, 1, Master_Cleaned_Data!W5:W1004) -> 56.711409 | G36: =AVERAGEIF(Master_Cleaned_Data!I5:I1004, 1, Master_Cleaned_Data!U5:U1004) -> 3.5838926 | H36: =AVERAGEIF(Master_Cleaned_Data!I5:I1004, 1, Master_Cleaned_Data!V5:V1004) -> 53.127517 | I36: =G36/F36 -> 0.063195266
A37: 2 | B37: Tuesday | C37: Weekday | D37: =COUNTIF(Master_Cleaned_Data!I5:I1004, 2) -> 127 | E37: =SUMIF(Master_Cleaned_Data!I5:I1004, 2, Master_Cleaned_Data!W5:W1004) -> 8383 | F37: =AVERAGEIF(Master_Cleaned_Data!I5:I1004, 2, Master_Cleaned_Data!W5:W1004) -> 66.007874 | G37: =AVERAGEIF(Master_Cleaned_Data!I5:I1004, 2, Master_Cleaned_Data!U5:U1004) -> 3.5984252 | H37: =AVERAGEIF(Master_Cleaned_Data!I5:I1004, 2, Master_Cleaned_Data!V5:V1004) -> 62.409449 | I37: =G37/F37 -> 0.05451509
A38: 3 | B38: Wednesday | C38: Weekday | D38: =COUNTIF(Master_Cleaned_Data!I5:I1004, 3) -> 131 | E38: =SUMIF(Master_Cleaned_Data!I5:I1004, 3, Master_Cleaned_Data!W5:W1004) -> 8049 | F38: =AVERAGEIF(Master_Cleaned_Data!I5:I1004, 3, Master_Cleaned_Data!W5:W1004) -> 61.442748 | G38: =AVERAGEIF(Master_Cleaned_Data!I5:I1004, 3, Master_Cleaned_Data!U5:U1004) -> 2.6259542 | H38: =AVERAGEIF(Master_Cleaned_Data!I5:I1004, 3, Master_Cleaned_Data!V5:V1004) -> 58.816794 | I38: =G38/F38 -> 0.042738228
A39: 4 | B39: Thursday | C39: Weekday | D39: =COUNTIF(Master_Cleaned_Data!I5:I1004, 4) -> 125 | E39: =SUMIF(Master_Cleaned_Data!I5:I1004, 4, Master_Cleaned_Data!W5:W1004) -> 8458 | F39: =AVERAGEIF(Master_Cleaned_Data!I5:I1004, 4, Master_Cleaned_Data!W5:W1004) -> 67.664 | G39: =AVERAGEIF(Master_Cleaned_Data!I5:I1004, 4, Master_Cleaned_Data!U5:U1004) -> 2.656 | H39: =AVERAGEIF(Master_Cleaned_Data!I5:I1004, 4, Master_Cleaned_Data!V5:V1004) -> 65.008 | I39: =G39/F39 -> 0.039252778
A40: 5 | B40: Friday | C40: Weekday | D40: =COUNTIF(Master_Cleaned_Data!I5:I1004, 5) -> 138 | E40: =SUMIF(Master_Cleaned_Data!I5:I1004, 5, Master_Cleaned_Data!W5:W1004) -> 9095 | F40: =AVERAGEIF(Master_Cleaned_Data!I5:I1004, 5, Master_Cleaned_Data!W5:W1004) -> 65.905797 | G40: =AVERAGEIF(Master_Cleaned_Data!I5:I1004, 5, Master_Cleaned_Data!U5:U1004) -> 4 | H40: =AVERAGEIF(Master_Cleaned_Data!I5:I1004, 5, Master_Cleaned_Data!V5:V1004) -> 61.905797 | I40: =G40/F40 -> 0.060692688
A41: 6 | B41: Saturday | C41: Weekend | D41: =COUNTIF(Master_Cleaned_Data!I5:I1004, 6) -> 166 | E41: =SUMIF(Master_Cleaned_Data!I5:I1004, 6, Master_Cleaned_Data!W5:W1004) -> 7748 | F41: =AVERAGEIF(Master_Cleaned_Data!I5:I1004, 6, Master_Cleaned_Data!W5:W1004) -> 46.674699 | G41: =AVERAGEIF(Master_Cleaned_Data!I5:I1004, 6, Master_Cleaned_Data!U5:U1004) -> 7.3795181 | H41: =AVERAGEIF(Master_Cleaned_Data!I5:I1004, 6, Master_Cleaned_Data!V5:V1004) -> 39.295181 | I41: =G41/F41 -> 0.15810532
A42: Full Week Summary | B42: All 7 Days | C42: Total Network | D42: =SUM(D35:D41) -> 1000 | E42: =SUM(E35:E41) -> 58304 | F42: =E42/D42 -> 58.304 | G42: =AVERAGE(Master_Cleaned_Data!U5:U1004) -> 4.921 | H42: =AVERAGE(Master_Cleaned_Data!V5:V1004) -> 53.383 | I42: =G42/F42 -> 0.084402442
A45: Table 3: User Segment Breakdown (Registered Commuters vs Casual Riders)
A46: Segment Code | B46: User Category | C46: Total Rides (cnt) | D46: Ridership Share % | E46: Avg Demand / Hr | F46: Primary Peak Window
A47: REG | B47: Registered Commuters | C47: =SUM(Master_Cleaned_Data!$V$5:$V$1004) -> 53383 | D47: =C47/C49 -> 0.91559756 | E47: =AVERAGE(Master_Cleaned_Data!$V$5:$V$1004) -> 53.383 | F47: 08:00 & 17:00 Rush Hour
A48: CAS | B48: Casual Riders | C48: =SUM(Master_Cleaned_Data!$U$5:$U$1004) -> 4921 | D48: =C48/C49 -> 0.084402442 | E48: =AVERAGE(Master_Cleaned_Data!$U$5:$U$1004) -> 4.921 | F48: 12:00 to 16:00 Weekend Midday
A49: TOT | B49: Total Fleet Demand | C49: =SUM(C47:C48) -> 58304 | D49: =SUM(D47:D48) -> 1 | E49: =AVERAGE(Master_Cleaned_Data!$W$5:$W$1004) -> 58.304 | F49: 24/7 Full Network
A52: Table 4: Temperature Band Impact Analysis (Thermal Sensitivity)
A53: Tier Code | B53: Temperature Tier | C53: Normalized Temp Range | D53: Operating Hours | E53: Avg Rides / Hr | F53: Total Volume | G53: Demand Lift vs Cold
A54: COLD | B54: Cold | C54: <= 0.22 (< 9°C) | D54: =COUNTIF(Master_Cleaned_Data!$O$5:$O$1004, "<=0.22") -> 693 | E54: =AVERAGEIF(Master_Cleaned_Data!$O$5:$O$1004, "<=0.22", Master_Cleaned_Data!$W$5:$W$1004) -> 51.088023 | F54: =SUMIF(Master_Cleaned_Data!$O$5:$O$1004, "<=0.22", Master_Cleaned_Data!$W$5:$W$1004) -> 35404 | G54: Baseline (0.0%)
A55: MILD | B55: Mild | C55: 0.22 to 0.28 (9°C to 12°C) | D55: =COUNTIFS(Master_Cleaned_Data!$O$5:$O$1004, ">0.22", Master_Cleaned_Data!$O$5:$O$1004, "<=0.28") -> 169 | E55: =AVERAGEIFS(Master_Cleaned_Data!$W$5:$W$1004, Master_Cleaned_Data!$O$5:$O$1004, ">0.22", Master_Cleaned_Data!$O$5:$O$1004, "<=0.28") -> 65.56213 | F55: =SUMIFS(Master_Cleaned_Data!$W$5:$W$1004, Master_Cleaned_Data!$O$5:$O$1004, ">0.22", Master_Cleaned_Data!$O$5:$O$1004, "<=0.28") -> 11080 | G55: =(E55-E$54)/E$54 -> 0.28331703
A56: HOT | B56: Hot / Warm | C56: > 0.28 (> 12°C) | D56: =COUNTIF(Master_Cleaned_Data!$O$5:$O$1004, ">0.28") -> 138 | E56: =AVERAGEIF(Master_Cleaned_Data!$O$5:$O$1004, ">0.28", Master_Cleaned_Data!$W$5:$W$1004) -> 85.652174 | F56: =SUMIF(Master_Cleaned_Data!$O$5:$O$1004, ">0.28", Master_Cleaned_Data!$W$5:$W$1004) -> 11820 | G56: =(E56-E$54)/E$54 -> 0.67656074
A57: TOT | B57: Total Network | C57: All Ranges | D57: =SUM(D54:D56) -> 1000 | E57: =AVERAGE(Master_Cleaned_Data!$W$5:$W$1004) -> 58.304 | F57: =SUM(F54:F56) -> 58304 | G57: -

Sheet AI_Forecasting_Anomalies
A1: NEXTHIKES IT SOLUTIONS | AI-POWERED DEMAND FORECASTING & ANOMALY DETECTION
A2: Automated Statistical Anomaly Detection (|Z| >= 2.0) and Machine Learning 48-Hour Ahead Demand Projection
A4: 1. AI Anomaly Detection Engine (Outlier Detection via Standardized Residuals)
A5: Instant | B5: Date | C5: Hour Slot | D5: Weekday | E5: Weather Sit | F5: Actual Demand (cnt) | G5: Hourly Baseline | H5: Residual (Diff) | I5: Z-Score | J5: Anomaly Flag | K5: Business Context / Driver
A6: 2 | B6: 2011-01-01 | C6: 01:00 | D6: =INDEX(Lookups_Metadata!$E$4:$E$10, MATCH(Master_Cleaned_Data!I6, Lookups_Metadata!$D$4:$D$10, 0)) -> Saturday | E6: =VLOOKUP(Master_Cleaned_Data!M6, Lookups_Metadata!$G$4:$H$7, 2, FALSE()) -> Clear / Few Clouds | F6: =Master_Cleaned_Data!W6 -> 40 | G6: =INDEX(Pivot_Summaries!$F$6:$F$29, MATCH(Master_Cleaned_Data!G6, Pivot_Summaries!$A$6:$A$29, 0)) -> 10.697674 | H6: =F6-G6 -> 29.302326 | I6: =ROUND(H6/Statistical_Analysis!$H$12, 2) -> 0.57 | J6: Positive Spike (Demand Surge) | K6: Unseasonably warm afternoon / High commuter surge
A7: 3 | B7: 2011-01-01 | C7: 02:00 | D7: =INDEX(Lookups_Metadata!$E$4:$E$10, MATCH(Master_Cleaned_Data!I7, Lookups_Metadata!$D$4:$D$10, 0)) -> Saturday | E7: =VLOOKUP(Master_Cleaned_Data!M7, Lookups_Metadata!$G$4:$H$7, 2, FALSE()) -> Clear / Few Clouds | F7: =Master_Cleaned_Data!W7 -> 32 | G7: =INDEX(Pivot_Summaries!$F$6:$F$29, MATCH(Master_Cleaned_Data!G7, Pivot_Summaries!$A$6:$A$29, 0)) -> 7.1707317 | H7: =F7-G7 -> 24.829268 | I7: =ROUND(H7/Statistical_Analysis!$H$12, 2) -> 0.49 | J7: Positive Spike (Demand Surge) | K7: Unseasonably warm afternoon / High commuter surge
A8: 46 | B8: 2011-01-02 | C8: 22:00 | D8: =INDEX(Lookups_Metadata!$E$4:$E$10, MATCH(Master_Cleaned_Data!I50, Lookups_Metadata!$D$4:$D$10, 0)) -> Sunday | E8: =VLOOKUP(Master_Cleaned_Data!M50, Lookups_Metadata!$G$4:$H$7, 2, FALSE()) -> Clear / Few Clouds | F8: =Master_Cleaned_Data!W50 -> 9 | G8: =INDEX(Pivot_Summaries!$F$6:$F$29, MATCH(Master_Cleaned_Data!G50, Pivot_Summaries!$A$6:$A$29, 0)) -> 35.069767 | H8: =F8-G8 -> -26.069767 | I8: =ROUND(H8/Statistical_Analysis!$H$12, 2) -> -0.51 | J8: Severe Deficit (Demand Drop) | K8: Adverse weather event (precipitation/freezing cold)
